adm_0_name,adm_1_name,adm_2_name,full_name,ISO_A0,FAO_GAUL_code,RNE_iso_code,IBGE_code,calendar_start_date,calendar_end_date,Year,dengue_total,case_definition_standardised,S_res,T_res,UUID,region
AFGHANISTAN,NA,NA,AFGHANISTAN,AFG,1011446,AFG,NA,2021-09-19,2021-09-25,2021,9,Suspected,Admin0,Week,WHOEMRO-ALL-2021-Y01-05,EMRO
AFGHANISTAN,NA,NA,AFGHANISTAN,AFG,1011446,AFG,NA,2021-09-26,2021-10-02,2021,104,Suspected,Admin0,Week,WHOEMRO-ALL-2021-Y01-05,EMRO
AFGHANISTAN,NA,NA,AFGHANISTAN,AFG,1011446,AFG,NA,2021-09-12,2021-09-18,2021,24,Suspected,Admin0,Week,WHOEMRO-ALL-2021-Y01-05,EMRO
AFGHANISTAN,NA,NA,AFGHANISTAN,AFG,1011446,AFG,NA,2023-04-02,2023-04-08,2023,9,Total,Admin0,Week,WHOEMRO-AFG-2023-W02-52,EMRO
AFGHANISTAN,NA,NA,AFGHANISTAN,AFG,1011446,AFG,NA,2021-10-03,2021-10-09,2021,98,Suspected,Admin0,Week,WHOEMRO-ALL-2021-Y01-05,EMRO
AFGHANISTAN,NA,NA,AFGHANISTAN,AFG,1011446,AFG,NA,2021-10-10,2021-10-16,2021,83,Suspected,Admin0,Week,WHOEMRO-ALL-2021-Y01-05,EMRO
AFGHANISTAN,NA,NA,AFGHANISTAN,AFG,1011446,AFG,NA,2023-04-23,2023-04-29,2023,35,Total,Admin0,Week,WHOEMRO-AFG-2023-W02-52,EMRO
AFGHANISTAN,NA,NA,AFGHANISTAN,AFG,1011446,AFG,NA,2021-10-17,2021-10-23,2021,50,Suspected,Admin0,Week,WHOEMRO-ALL-2021-Y01-05,EMRO
AFGHANISTAN,NA,NA,AFGHANISTAN,AFG,1011446,AFG,NA,2023-04-09,2023-04-15,2023,17,Total,Admin0,Week,WHOEMRO-AFG-2023-W02-52,EMRO
AFGHANISTAN,NA,NA,AFGHANISTAN,AFG,1011446,AFG,NA,2023-04-16,2023-04-22,2023,20,Total,Admin0,Week,WHOEMRO-AFG-2023-W02-52,EMRO
AFGHANISTAN,NA,NA,AFGHANISTAN,AFG,1011446,AFG,NA,2021-10-31,2021-11-06,2021,61,Suspected,Admin0,Week,WHOEMRO-ALL-2021-Y01-05,EMRO
AFGHANISTAN,NA,NA,AFGHANISTAN,AFG,1011446,AFG,NA,2021-11-07,2021-11-13,2021,52,Suspected,Admin0,Week,WHOEMRO-ALL-2021-Y01-05,EMRO
AFGHANISTAN,NA,NA,AFGHANISTAN,AFG,1011446,AFG,NA,2021-11-14,2021-11-20,2021,37,Suspected,Admin0,Week,WHOEMRO-ALL-2021-Y01-05,EMRO
AFGHANISTAN,NA,NA,AFGHANISTAN,AFG,1011446,AFG,NA,2021-11-21,2021-11-27,2021,11,Suspected,Admin0,Week,WHOEMRO-ALL-2021-Y01-05,EMRO
AFGHANISTAN,NA,NA,AFGHANISTAN,AFG,1011446,AFG,NA,2021-11-28,2021-12-04,2021,36,Suspected,Admin0,Week,WHOEMRO-ALL-2021-Y01-05,EMRO
AFGHANISTAN,NA,NA,AFGHANISTAN,AFG,1011446,AFG,NA,2021-12-05,2021-12-11,2021,30,Suspected,Admin0,Week,WHOEMRO-ALL-2021-Y01-05,EMRO
AFGHANISTAN,NA,NA,AFGHANISTAN,AFG,1011446,AFG,NA,2021-12-12,2021-12-18,2021,33,Suspected,Admin0,Week,WHOEMRO-ALL-2021-Y01-05,EMRO
AFGHANISTAN,NA,NA,AFGHANISTAN,AFG,1011446,AFG,NA,2021-12-19,2021-12-25,2021,31,Suspected,Admin0,Week,WHOEMRO-ALL-2021-Y01-05,EMRO
AFGHANISTAN,NA,NA,AFGHANISTAN,AFG,1011446,AFG,NA,2022-01-01,2022-01-31,2022,75,Total,Admin0,Month,WHOEMRO-AFG-2022-M01-11,EMRO
AFGHANISTAN,NA,NA,AFGHANISTAN,AFG,1011446,AFG,NA,2022-02-01,2022-02-28,2022,0,Total,Admin0,Month,WHOEMRO-AFG-2022-M01-12,EMRO
AFGHANISTAN,NA,NA,AFGHANISTAN,AFG,1011446,AFG,NA,2023-04-30,2023-05-06,2023,27,Total,Admin0,Week,WHOEMRO-AFG-2023-W02-52,EMRO
AFGHANISTAN,NA,NA,AFGHANISTAN,AFG,1011446,AFG,NA,2023-05-07,2023-05-13,2023,10,Total,Admin0,Week,WHOEMRO-AFG-2023-W02-52,EMRO
AFGHANISTAN,NA,NA,AFGHANISTAN,AFG,1011446,AFG,NA,2021-10-24,2021-10-30,2021,57,Suspected,Admin0,Week,WHOEMRO-ALL-2021-Y01-05,EMRO
AFGHANISTAN,NA,NA,AFGHANISTAN,AFG,1011446,AFG,NA,2022-06-01,2022-06-30,2022,13,Total,Admin0,Month,WHOEMRO-AFG-2022-M01-18,EMRO
AFGHANISTAN,NA,NA,AFGHANISTAN,AFG,1011446,AFG,NA,2022-07-01,2022-07-31,2022,51,Total,Admin0,Month,WHOEMRO-AFG-2022-M01-19,EMRO
AFGHANISTAN,NA,NA,AFGHANISTAN,AFG,1011446,AFG,NA,2022-08-01,2022-08-31,2022,24,Total,Admin0,Month,WHOEMRO-AFG-2022-M01-20,EMRO
AFGHANISTAN,NA,NA,AFGHANISTAN,AFG,1011446,AFG,NA,2022-09-01,2022-09-30,2022,60,Total,Admin0,Month,WHOEMRO-AFG-2022-M01-21,EMRO
AFGHANISTAN,NA,NA,AFGHANISTAN,AFG,1011446,AFG,NA,2022-10-01,2022-10-31,2022,468,Total,Admin0,Month,WHOEMRO-AFG-2022-M01-22,EMRO
AFGHANISTAN,NA,NA,AFGHANISTAN,AFG,1011446,AFG,NA,2022-11-01,2022-11-30,2022,440,Total,Admin0,Month,WHOEMRO-AFG-2022-M01-23,EMRO
AFGHANISTAN,NA,NA,AFGHANISTAN,AFG,1011446,AFG,NA,2023-03-26,2023-04-01,2023,19,Total,Admin0,Week,WHOEMRO-AFG-2023-W02-52,EMRO
AFGHANISTAN,NA,NA,AFGHANISTAN,AFG,1011446,AFG,NA,2021-09-05,2021-09-11,2021,18,Suspected,Admin0,Week,WHOEMRO-ALL-2021-Y01-05,EMRO
AFGHANISTAN,NA,NA,AFGHANISTAN,AFG,1011446,AFG,NA,2024-01-01,2024-01-31,2024,260,Total,Admin0,Month,WHO-ALL-2025-Y01-00,EMRO
AFGHANISTAN,NA,NA,AFGHANISTAN,AFG,1011446,AFG,NA,2024-02-01,2024-02-29,2024,196,Total,Admin0,Month,WHO-ALL-2025-Y01-00,EMRO
AFGHANISTAN,NA,NA,AFGHANISTAN,AFG,1011446,AFG,NA,2022-03-01,2022-03-31,2022,0,Total,Admin0,Month,WHOEMRO-AFG-2022-M01-15,EMRO
AFGHANISTAN,NA,NA,AFGHANISTAN,AFG,1011446,AFG,NA,2022-04-01,2022-04-30,2022,0,Total,Admin0,Month,WHOEMRO-AFG-2022-M01-16,EMRO
AFGHANISTAN,NA,NA,AFGHANISTAN,AFG,1011446,AFG,NA,2022-05-01,2022-05-31,2022,0,Total,Admin0,Month,WHOEMRO-AFG-2022-M01-17,EMRO
AFGHANISTAN,NA,NA,AFGHANISTAN,AFG,1011446,AFG,NA,2024-06-01,2024-06-30,2024,157,Suspected,Admin0,Month,WHOEMRO-AFG-2024-M01-42,EMRO
AFGHANISTAN,NA,NA,AFGHANISTAN,AFG,1011446,AFG,NA,2023-05-14,2023-05-20,2023,27,Total,Admin0,Week,WHOEMRO-AFG-2023-W02-52,EMRO
AFGHANISTAN,NA,NA,AFGHANISTAN,AFG,1011446,AFG,NA,2023-05-21,2023-05-27,2023,32,Total,Admin0,Week,WHOEMRO-AFG-2023-W02-52,EMRO
AFGHANISTAN,NA,NA,AFGHANISTAN,AFG,1011446,AFG,NA,2023-05-28,2023-06-03,2023,18,Total,Admin0,Week,WHOEMRO-AFG-2023-W02-52,EMRO
AFGHANISTAN,NA,NA,AFGHANISTAN,AFG,1011446,AFG,NA,2023-06-04,2023-06-10,2023,8,Total,Admin0,Week,WHOEMRO-AFG-2023-W02-52,EMRO
AFGHANISTAN,NA,NA,AFGHANISTAN,AFG,1011446,AFG,NA,2023-06-11,2023-06-17,2023,22,Total,Admin0,Week,WHOEMRO-AFG-2023-W02-52,EMRO
AFGHANISTAN,NA,NA,AFGHANISTAN,AFG,1011446,AFG,NA,2023-06-18,2023-06-24,2023,5,Total,Admin0,Week,WHOEMRO-AFG-2023-W02-52,EMRO
AFGHANISTAN,NA,NA,AFGHANISTAN,AFG,1011446,AFG,NA,2023-06-25,2023-07-01,2023,26,Total,Admin0,Week,WHOEMRO-AFG-2023-W02-52,EMRO
AFGHANISTAN,NA,NA,AFGHANISTAN,AFG,1011446,AFG,NA,2023-07-02,2023-07-08,2023,18,Total,Admin0,Week,WHOEMRO-AFG-2023-W02-52,EMRO
AFGHANISTAN,NA,NA,AFGHANISTAN,AFG,1011446,AFG,NA,2023-07-09,2023-07-15,2023,15,Total,Admin0,Week,WHOEMRO-AFG-2023-W02-52,EMRO
AFGHANISTAN,NA,NA,AFGHANISTAN,AFG,1011446,AFG,NA,2024-03-01,2024-03-31,2024,157,Total,Admin0,Month,WHO-ALL-2025-Y01-00,EMRO
AFGHANISTAN,NA,NA,AFGHANISTAN,AFG,1011446,AFG,NA,2024-04-01,2024-04-30,2024,122,Suspected,Admin0,Month,WHOEMRO-AFG-2024-M01-40,EMRO
AFGHANISTAN,NA,NA,AFGHANISTAN,AFG,1011446,AFG,NA,2024-05-01,2024-05-31,2024,241,Total,Admin0,Month,WHO-ALL-2025-Y01-00,EMRO
AFGHANISTAN,NA,NA,AFGHANISTAN,AFG,1011446,AFG,NA,2023-08-06,2023-08-12,2023,47,Total,Admin0,Week,WHOEMRO-AFG-2023-W02-52,EMRO
AFGHANISTAN,NA,NA,AFGHANISTAN,AFG,1011446,AFG,NA,2023-08-13,2023-08-19,2023,47,Total,Admin0,Week,WHOEMRO-AFG-2023-W02-52,EMRO
AFGHANISTAN,NA,NA,AFGHANISTAN,AFG,1011446,AFG,NA,2023-08-20,2023-08-26,2023,24,Total,Admin0,Week,WHOEMRO-AFG-2023-W02-52,EMRO
AFGHANISTAN,NA,NA,AFGHANISTAN,AFG,1011446,AFG,NA,2023-08-27,2023-09-02,2023,27,Total,Admin0,Week,WHOEMRO-AFG-2023-W02-52,EMRO
AFGHANISTAN,NA,NA,AFGHANISTAN,AFG,1011446,AFG,NA,2023-09-03,2023-09-09,2023,19,Total,Admin0,Week,WHOEMRO-AFG-2023-W02-52,EMRO
AFGHANISTAN,NA,NA,AFGHANISTAN,AFG,1011446,AFG,NA,2023-09-10,2023-09-16,2023,28,Total,Admin0,Week,WHOEMRO-AFG-2023-W02-52,EMRO
AFGHANISTAN,NA,NA,AFGHANISTAN,AFG,1011446,AFG,NA,2023-09-17,2023-09-23,2023,17,Total,Admin0,Week,WHOEMRO-AFG-2023-W02-52,EMRO
AFGHANISTAN,NA,NA,AFGHANISTAN,AFG,1011446,AFG,NA,2022-12-01,2022-12-31,2022,210,Total,Admin0,Month,WHOEMRO-AFG-2022-M01-24,EMRO
AFGHANISTAN,NA,NA,AFGHANISTAN,AFG,1011446,AFG,NA,2023-01-01,2023-01-07,2023,13,Total,Admin0,Week,WHOEMRO-AFG-2023-W02-52,EMRO
AFGHANISTAN,NA,NA,AFGHANISTAN,AFG,1011446,AFG,NA,2023-01-08,2023-01-14,2023,5,Total,Admin0,Week,WHOEMRO-AFG-2023-W02-52,EMRO
AFGHANISTAN,NA,NA,AFGHANISTAN,AFG,1011446,AFG,NA,2023-07-16,2023-07-22,2023,60,Total,Admin0,Week,WHOEMRO-AFG-2023-W02-52,EMRO
AFGHANISTAN,NA,NA,AFGHANISTAN,AFG,1011446,AFG,NA,2023-07-23,2023-07-29,2023,58,Total,Admin0,Week,WHOEMRO-AFG-2023-W02-52,EMRO
AFGHANISTAN,NA,NA,AFGHANISTAN,AFG,1011446,AFG,NA,2023-07-30,2023-08-05,2023,37,Total,Admin0,Week,WHOEMRO-AFG-2023-W02-52,EMRO
AFGHANISTAN,NA,NA,AFGHANISTAN,AFG,1011446,AFG,NA,2023-02-05,2023-02-11,2023,10,Total,Admin0,Week,WHOEMRO-AFG-2023-W02-52,EMRO
AFGHANISTAN,NA,NA,AFGHANISTAN,AFG,1011446,AFG,NA,2023-02-12,2023-02-18,2023,11,Total,Admin0,Week,WHOEMRO-AFG-2023-W02-52,EMRO
AFGHANISTAN,NA,NA,AFGHANISTAN,AFG,1011446,AFG,NA,2023-02-19,2023-02-25,2023,10,Total,Admin0,Week,WHOEMRO-AFG-2023-W02-52,EMRO
AFGHANISTAN,NA,NA,AFGHANISTAN,AFG,1011446,AFG,NA,2023-02-26,2023-03-04,2023,14,Total,Admin0,Week,WHOEMRO-AFG-2023-W02-52,EMRO
AFGHANISTAN,NA,NA,AFGHANISTAN,AFG,1011446,AFG,NA,2023-03-05,2023-03-11,2023,21,Total,Admin0,Week,WHOEMRO-AFG-2023-W02-52,EMRO
AFGHANISTAN,NA,NA,AFGHANISTAN,AFG,1011446,AFG,NA,2023-03-12,2023-03-18,2023,10,Total,Admin0,Week,WHOEMRO-AFG-2023-W02-52,EMRO
AFGHANISTAN,NA,NA,AFGHANISTAN,AFG,1011446,AFG,NA,2023-03-19,2023-03-25,2023,15,Total,Admin0,Week,WHOEMRO-AFG-2023-W02-52,EMRO
AFGHANISTAN,NA,NA,AFGHANISTAN,AFG,1011446,AFG,NA,2023-12-10,2023-12-16,2023,61,Total,Admin0,Week,WHOEMRO-AFG-2023-W02-52,EMRO
AFGHANISTAN,NA,NA,AFGHANISTAN,AFG,1011446,AFG,NA,2023-12-17,2023-12-23,2023,44,Total,Admin0,Week,WHOEMRO-AFG-2023-W02-52,EMRO
AFGHANISTAN,NA,NA,AFGHANISTAN,AFG,1011446,AFG,NA,2025-02-01,2025-02-28,2025,26,Total,Admin0,Month,WHO-ALL-2025-Y01-00,EMRO
AFGHANISTAN,NA,NA,AFGHANISTAN,AFG,1011446,AFG,NA,2025-03-01,2025-03-31,2025,18,Total,Admin0,Month,WHO-ALL-2025-Y01-00,EMRO
AFGHANISTAN,NA,NA,AFGHANISTAN,AFG,1011446,AFG,NA,2023-01-15,2023-01-21,2023,9,Total,Admin0,Week,WHOEMRO-AFG-2023-W02-52,EMRO
AFGHANISTAN,NA,NA,AFGHANISTAN,AFG,1011446,AFG,NA,2023-01-22,2023-01-28,2023,7,Total,Admin0,Week,WHOEMRO-AFG-2023-W02-52,EMRO
AFGHANISTAN,NA,NA,AFGHANISTAN,AFG,1011446,AFG,NA,2023-01-29,2023-02-04,2023,9,Total,Admin0,Week,WHOEMRO-AFG-2023-W02-52,EMRO
AFGHANISTAN,NA,NA,AFGHANISTAN,AFG,1011446,AFG,NA,2023-10-22,2023-10-28,2023,50,Total,Admin0,Week,WHOEMRO-AFG-2023-W02-52,EMRO
AFGHANISTAN,NA,NA,AFGHANISTAN,AFG,1011446,AFG,NA,2024-07-01,2024-07-31,2024,397,Suspected,Admin0,Month,WHOEMRO-AFG-2024-M01-42,EMRO
AFGHANISTAN,NA,NA,AFGHANISTAN,AFG,1011446,AFG,NA,2024-08-01,2024-08-31,2024,551,Total,Admin0,Month,WHO-ALL-2025-Y01-00,EMRO
AFGHANISTAN,NA,NA,AFGHANISTAN,AFG,1011446,AFG,NA,2024-09-01,2024-09-30,2024,450,Total,Admin0,Month,WHO-ALL-2025-Y01-00,EMRO
AFGHANISTAN,NA,NA,AFGHANISTAN,AFG,1011446,AFG,NA,2024-10-01,2024-10-31,2024,1197,Total,Admin0,Month,WHO-ALL-2025-Y01-00,EMRO
AFGHANISTAN,NA,NA,AFGHANISTAN,AFG,1011446,AFG,NA,2024-11-01,2024-11-30,2024,837,Total,Admin0,Month,WHO-ALL-2025-Y01-00,EMRO
AFGHANISTAN,NA,NA,AFGHANISTAN,AFG,1011446,AFG,NA,2024-12-01,2024-12-31,2024,285,Total,Admin0,Month,WHO-ALL-2025-Y01-00,EMRO
AFGHANISTAN,NA,NA,AFGHANISTAN,AFG,1011446,AFG,NA,2025-01-01,2025-01-31,2025,71,Total,Admin0,Month,WHO-ALL-2025-Y01-00,EMRO
AFGHANISTAN,NA,NA,AFGHANISTAN,AFG,1011446,AFG,NA,2023-10-08,2023-10-14,2023,46,Total,Admin0,Week,WHOEMRO-AFG-2023-W02-52,EMRO
AFGHANISTAN,NA,NA,AFGHANISTAN,AFG,1011446,AFG,NA,2023-09-24,2023-09-30,2023,52,Total,Admin0,Week,WHOEMRO-AFG-2023-W02-52,EMRO
AFGHANISTAN,NA,NA,AFGHANISTAN,AFG,1011446,AFG,NA,2023-10-29,2023-11-04,2023,69,Total,Admin0,Week,WHOEMRO-AFG-2023-W02-52,EMRO
AFGHANISTAN,NA,NA,AFGHANISTAN,AFG,1011446,AFG,NA,2023-10-01,2023-10-07,2023,36,Total,Admin0,Week,WHOEMRO-AFG-2023-W02-52,EMRO
AFGHANISTAN,NA,NA,AFGHANISTAN,AFG,1011446,AFG,NA,2023-11-12,2023-11-18,2023,34,Total,Admin0,Week,WHOEMRO-AFG-2023-W02-52,EMRO
AFGHANISTAN,NA,NA,AFGHANISTAN,AFG,1011446,AFG,NA,2023-10-15,2023-10-21,2023,67,Total,Admin0,Week,WHOEMRO-AFG-2023-W02-52,EMRO
AFGHANISTAN,NA,NA,AFGHANISTAN,AFG,1011446,AFG,NA,2023-11-26,2023-12-02,2023,77,Total,Admin0,Week,WHOEMRO-AFG-2023-W02-52,EMRO
AFGHANISTAN,NA,NA,AFGHANISTAN,AFG,1011446,AFG,NA,2023-11-05,2023-11-11,2023,56,Total,Admin0,Week,WHOEMRO-AFG-2023-W02-52,EMRO
AFGHANISTAN,NA,NA,AFGHANISTAN,AFG,1011446,AFG,NA,2023-11-19,2023-11-25,2023,50,Total,Admin0,Week,WHOEMRO-AFG-2023-W02-52,EMRO
AFGHANISTAN,NA,NA,AFGHANISTAN,AFG,1011446,AFG,NA,2023-12-03,2023-12-09,2023,33,Total,Admin0,Week,WHOEMRO-AFG-2023-W02-52,EMRO
OMAN,NA,NA,OMAN,OMN,187,OMN,NA,2020-01-01,2020-01-31,2020,1,Total,Admin0,Month,MOH-OMN-2020-Y01-04,EMRO
OMAN,NA,NA,OMAN,OMN,187,OMN,NA,2020-02-01,2020-02-29,2020,1,Total,Admin0,Month,MOH-OMN-2020-Y01-04,EMRO
OMAN,NA,NA,OMAN,OMN,187,OMN,NA,2020-03-01,2020-03-31,2020,1,Total,Admin0,Month,MOH-OMN-2020-Y01-04,EMRO
OMAN,NA,NA,OMAN,OMN,187,OMN,NA,2020-04-01,2020-04-30,2020,2,Total,Admin0,Month,MOH-OMN-2020-Y01-04,EMRO
OMAN,NA,NA,OMAN,OMN,187,OMN,NA,2020-05-01,2020-05-31,2020,78,Total,Admin0,Month,MOH-OMN-2020-Y01-04,EMRO
OMAN,NA,NA,OMAN,OMN,187,OMN,NA,2020-06-01,2020-06-30,2020,94,Total,Admin0,Month,MOH-OMN-2020-Y01-04,EMRO
OMAN,NA,NA,OMAN,OMN,187,OMN,NA,2020-07-01,2020-07-31,2020,99,Total,Admin0,Month,MOH-OMN-2020-Y01-04,EMRO
OMAN,NA,NA,OMAN,OMN,187,OMN,NA,2020-08-01,2020-08-31,2020,4,Total,Admin0,Month,MOH-OMN-2020-Y01-04,EMRO
OMAN,NA,NA,OMAN,OMN,187,OMN,NA,2020-09-01,2020-09-30,2020,14,Total,Admin0,Month,MOH-OMN-2020-Y01-04,EMRO
OMAN,NA,NA,OMAN,OMN,187,OMN,NA,2020-10-01,2020-10-31,2020,11,Total,Admin0,Month,MOH-OMN-2020-Y01-04,EMRO
OMAN,NA,NA,OMAN,OMN,187,OMN,NA,2020-11-01,2020-11-30,2020,4,Total,Admin0,Month,MOH-OMN-2020-Y01-04,EMRO
OMAN,NA,NA,OMAN,OMN,187,OMN,NA,2020-12-01,2020-12-31,2020,1,Total,Admin0,Month,MOH-OMN-2020-Y01-04,EMRO
OMAN,NA,NA,OMAN,OMN,187,OMN,NA,2021-01-01,2021-01-31,2021,0,Total,Admin0,Month,MOH-OMN-2021-Y01-05,EMRO
OMAN,NA,NA,OMAN,OMN,187,OMN,NA,2021-02-01,2021-02-28,2021,0,Total,Admin0,Month,MOH-OMN-2021-Y01-05,EMRO
OMAN,NA,NA,OMAN,OMN,187,OMN,NA,2021-03-01,2021-03-31,2021,0,Total,Admin0,Month,MOH-OMN-2021-Y01-05,EMRO
OMAN,NA,NA,OMAN,OMN,187,OMN,NA,2021-04-01,2021-04-30,2021,0,Total,Admin0,Month,MOH-OMN-2021-Y01-05,EMRO
OMAN,NA,NA,OMAN,OMN,187,OMN,NA,2021-05-01,2021-05-31,2021,1,Total,Admin0,Month,MOH-OMN-2021-Y01-05,EMRO
OMAN,NA,NA,OMAN,OMN,187,OMN,NA,2021-06-01,2021-06-30,2021,1,Total,Admin0,Month,MOH-OMN-2021-Y01-05,EMRO
OMAN,NA,NA,OMAN,OMN,187,OMN,NA,2021-07-01,2021-07-31,2021,0,Total,Admin0,Month,MOH-OMN-2021-Y01-05,EMRO
OMAN,NA,NA,OMAN,OMN,187,OMN,NA,2021-08-01,2021-08-31,2021,0,Total,Admin0,Month,MOH-OMN-2021-Y01-05,EMRO
OMAN,NA,NA,OMAN,OMN,187,OMN,NA,2021-09-01,2021-09-30,2021,2,Total,Admin0,Month,MOH-OMN-2021-Y01-05,EMRO
OMAN,NA,NA,OMAN,OMN,187,OMN,NA,2021-10-01,2021-10-31,2021,6,Total,Admin0,Month,MOH-OMN-2021-Y01-05,EMRO
OMAN,NA,NA,OMAN,OMN,187,OMN,NA,2021-11-01,2021-11-30,2021,6,Total,Admin0,Month,MOH-OMN-2021-Y01-05,EMRO
OMAN,NA,NA,OMAN,OMN,187,OMN,NA,2021-12-01,2021-12-31,2021,8,Total,Admin0,Month,MOH-OMN-2021-Y01-05,EMRO
OMAN,NA,NA,OMAN,OMN,187,OMN,NA,2022-01-01,2022-01-31,2022,9,Total,Admin0,Month,MOH-OMN-2022-Y01-06,EMRO
OMAN,NA,NA,OMAN,OMN,187,OMN,NA,2022-02-01,2022-02-28,2022,8,Total,Admin0,Month,MOH-OMN-2022-Y01-06,EMRO
OMAN,NA,NA,OMAN,OMN,187,OMN,NA,2022-03-01,2022-03-31,2022,115,Total,Admin0,Month,MOH-OMN-2022-Y01-06,EMRO
OMAN,NA,NA,OMAN,OMN,187,OMN,NA,2022-04-01,2022-04-30,2022,621,Total,Admin0,Month,MOH-OMN-2022-Y01-06,EMRO
OMAN,NA,NA,OMAN,OMN,187,OMN,NA,2022-05-01,2022-05-31,2022,338,Total,Admin0,Month,MOH-OMN-2022-Y01-06,EMRO
OMAN,NA,NA,OMAN,OMN,187,OMN,NA,2022-06-01,2022-06-30,2022,70,Total,Admin0,Month,MOH-OMN-2022-Y01-06,EMRO
OMAN,NA,NA,OMAN,OMN,187,OMN,NA,2022-07-01,2022-07-31,2022,19,Total,Admin0,Month,MOH-OMN-2022-Y01-06,EMRO
OMAN,NA,NA,OMAN,OMN,187,OMN,NA,2022-08-01,2022-08-31,2022,28,Total,Admin0,Month,MOH-OMN-2022-Y01-06,EMRO
OMAN,NA,NA,OMAN,OMN,187,OMN,NA,2022-09-01,2022-09-30,2022,111,Total,Admin0,Month,MOH-OMN-2022-Y01-06,EMRO
OMAN,NA,NA,OMAN,OMN,187,OMN,NA,2022-10-01,2022-10-31,2022,208,Total,Admin0,Month,MOH-OMN-2022-Y01-06,EMRO
OMAN,NA,NA,OMAN,OMN,187,OMN,NA,2022-11-01,2022-11-30,2022,267,Total,Admin0,Month,MOH-OMN-2022-Y01-06,EMRO
OMAN,NA,NA,OMAN,OMN,187,OMN,NA,2022-12-01,2022-12-31,2022,195,Total,Admin0,Month,MOH-OMN-2022-Y01-06,EMRO
OMAN,NA,NA,OMAN,OMN,187,OMN,NA,2023-01-01,2023-01-31,2023,171,Total,Admin0,Month,MOH-OMN-2023-Y01-07,EMRO
OMAN,NA,NA,OMAN,OMN,187,OMN,NA,2023-02-01,2023-02-28,2023,94,Total,Admin0,Month,MOH-OMN-2023-Y01-07,EMRO
OMAN,NA,NA,OMAN,OMN,187,OMN,NA,2023-03-01,2023-03-31,2023,205,Total,Admin0,Month,MOH-OMN-2023-Y01-07,EMRO
OMAN,NA,NA,OMAN,OMN,187,OMN,NA,2023-04-01,2023-04-30,2023,446,Total,Admin0,Month,MOH-OMN-2023-Y01-07,EMRO
OMAN,NA,NA,OMAN,OMN,187,OMN,NA,2023-05-01,2023-05-31,2023,924,Total,Admin0,Month,MOH-OMN-2023-Y01-07,EMRO
OMAN,NA,NA,OMAN,OMN,187,OMN,NA,2023-06-01,2023-06-30,2023,440,Total,Admin0,Month,MOH-OMN-2023-Y01-07,EMRO
OMAN,NA,NA,OMAN,OMN,187,OMN,NA,2023-07-01,2023-07-31,2023,62,Total,Admin0,Month,MOH-OMN-2023-Y01-07,EMRO
OMAN,NA,NA,OMAN,OMN,187,OMN,NA,2023-08-01,2023-08-31,2023,49,Total,Admin0,Month,MOH-OMN-2023-Y01-07,EMRO
OMAN,NA,NA,OMAN,OMN,187,OMN,NA,2023-09-01,2023-09-30,2023,61,Total,Admin0,Month,MOH-OMN-2023-Y01-07,EMRO
OMAN,NA,NA,OMAN,OMN,187,OMN,NA,2023-10-01,2023-10-31,2023,74,Total,Admin0,Month,MOH-OMN-2023-Y01-07,EMRO
OMAN,NA,NA,OMAN,OMN,187,OMN,NA,2023-11-01,2023-11-30,2023,94,Total,Admin0,Month,MOH-OMN-2023-Y01-07,EMRO
OMAN,NA,NA,OMAN,OMN,187,OMN,NA,2023-12-01,2023-12-31,2023,91,Total,Admin0,Month,MOH-OMN-2023-Y01-07,EMRO
PAKISTAN,NA,NA,PAKISTAN,PAK,188,PAK,NA,2020-01-01,2020-12-31,2020,45121,Suspected and confirmed,Admin0,Year,LITERATURE-PAK-19942022-Y01-01,EMRO
PAKISTAN,NA,NA,PAKISTAN,PAK,188,PAK,NA,2021-01-01,2021-12-31,2021,53682,Suspected and confirmed,Admin0,Year,LITERATURE-PAK-19942022-Y01-01,EMRO
PAKISTAN,NA,NA,PAKISTAN,PAK,188,PAK,NA,2022-01-01,2022-12-31,2022,78802,Suspected and confirmed,Admin0,Year,LITERATURE-PAK-19942022-Y01-01,EMRO
PAKISTAN,NA,NA,PAKISTAN,PAK,188,PAK,NA,2023-06-01,2023-06-30,2023,528,Total,Admin0,Month,WHO-ALL-2025-Y01-00,EMRO
PAKISTAN,NA,NA,PAKISTAN,PAK,188,PAK,NA,2023-07-01,2023-07-31,2023,960,Total,Admin0,Month,WHO-ALL-2025-Y01-00,EMRO
PAKISTAN,NA,NA,PAKISTAN,PAK,188,PAK,NA,2023-08-01,2023-08-31,2023,602,Total,Admin0,Month,WHO-ALL-2025-Y01-00,EMRO
PAKISTAN,NA,NA,PAKISTAN,PAK,188,PAK,NA,2023-09-01,2023-09-30,2023,953,Total,Admin0,Month,WHO-ALL-2025-Y01-00,EMRO
PAKISTAN,NA,NA,PAKISTAN,PAK,188,PAK,NA,2023-10-01,2023-10-31,2023,1658,Total,Admin0,Month,WHO-ALL-2025-Y01-00,EMRO
PAKISTAN,NA,NA,PAKISTAN,PAK,188,PAK,NA,2023-11-01,2023-11-30,2023,1397,Total,Admin0,Month,WHO-ALL-2025-Y01-00,EMRO
PAKISTAN,NA,NA,PAKISTAN,PAK,188,PAK,NA,2023-12-01,2023-12-31,2023,540,Total,Admin0,Month,WHO-ALL-2025-Y01-00,EMRO
PAKISTAN,NA,NA,PAKISTAN,PAK,188,PAK,NA,2024-01-01,2024-01-31,2024,342,Total,Admin0,Month,WHO-ALL-2025-Y01-00,EMRO
PAKISTAN,NA,NA,PAKISTAN,PAK,188,PAK,NA,2024-02-01,2024-02-29,2024,374,Total,Admin0,Month,WHO-ALL-2025-Y01-00,EMRO
PAKISTAN,NA,NA,PAKISTAN,PAK,188,PAK,NA,2024-03-01,2024-03-31,2024,282,Total,Admin0,Month,WHO-ALL-2025-Y01-00,EMRO
PAKISTAN,NA,NA,PAKISTAN,PAK,188,PAK,NA,2024-04-01,2024-04-30,2024,823,Total,Admin0,Month,WHO-ALL-2025-Y01-00,EMRO
PAKISTAN,NA,NA,PAKISTAN,PAK,188,PAK,NA,2024-05-01,2024-05-31,2024,7675,Total,Admin0,Month,WHO-ALL-2025-Y01-00,EMRO
PAKISTAN,NA,NA,PAKISTAN,PAK,188,PAK,NA,2024-06-01,2024-06-30,2024,3252,Total,Admin0,Month,WHO-ALL-2025-Y01-00,EMRO
PAKISTAN,NA,NA,PAKISTAN,PAK,188,PAK,NA,2024-07-01,2024-07-31,2024,3106,Total,Admin0,Month,WHO-ALL-2025-Y01-00,EMRO
PAKISTAN,NA,NA,PAKISTAN,PAK,188,PAK,NA,2024-08-01,2024-08-31,2024,6470,Total,Admin0,Month,WHO-ALL-2025-Y01-00,EMRO
PAKISTAN,NA,NA,PAKISTAN,PAK,188,PAK,NA,2024-09-01,2024-09-30,2024,8986,Total,Admin0,Month,WHO-ALL-2025-Y01-00,EMRO
PAKISTAN,NA,NA,PAKISTAN,PAK,188,PAK,NA,2024-10-01,2024-10-31,2024,15361,Total,Admin0,Month,WHO-ALL-2025-Y01-00,EMRO
PAKISTAN,NA,NA,PAKISTAN,PAK,188,PAK,NA,2024-11-01,2024-11-30,2024,7733,Total,Admin0,Month,WHO-ALL-2025-Y01-00,EMRO
PAKISTAN,NA,NA,PAKISTAN,PAK,188,PAK,NA,2024-12-01,2024-12-31,2024,4029,Total,Admin0,Month,WHO-ALL-2025-Y01-00,EMRO
PAKISTAN,NA,NA,PAKISTAN,PAK,188,PAK,NA,2025-01-01,2025-01-31,2025,2803,Total,Admin0,Month,WHO-ALL-2025-Y01-00,EMRO
SAUDI ARABIA,NA,NA,SAUDI ARABIA,SAU,215,SAU,NA,2020-01-01,2020-01-31,2020,790,Probable and confirmed,Admin0,Month,MOH-SAU-2019-Y01-13,EMRO
SAUDI ARABIA,NA,NA,SAUDI ARABIA,SAU,215,SAU,NA,2020-02-01,2020-02-29,2020,338,Probable and confirmed,Admin0,Month,MOH-SAU-2019-Y01-13,EMRO
SAUDI ARABIA,NA,NA,SAUDI ARABIA,SAU,215,SAU,NA,2020-03-01,2020-03-31,2020,233,Probable and confirmed,Admin0,Month,MOH-SAU-2019-Y01-13,EMRO
SAUDI ARABIA,NA,NA,SAUDI ARABIA,SAU,215,SAU,NA,2020-04-01,2020-04-30,2020,95,Probable and confirmed,Admin0,Month,MOH-SAU-2019-Y01-13,EMRO
SAUDI ARABIA,NA,NA,SAUDI ARABIA,SAU,215,SAU,NA,2020-05-01,2020-05-31,2020,138,Probable and confirmed,Admin0,Month,MOH-SAU-2019-Y01-13,EMRO
SAUDI ARABIA,NA,NA,SAUDI ARABIA,SAU,215,SAU,NA,2020-06-01,2020-06-30,2020,297,Probable and confirmed,Admin0,Month,MOH-SAU-2019-Y01-13,EMRO
SAUDI ARABIA,NA,NA,SAUDI ARABIA,SAU,215,SAU,NA,2020-07-01,2020-07-31,2020,225,Probable and confirmed,Admin0,Month,MOH-SAU-2019-Y01-13,EMRO
SAUDI ARABIA,NA,NA,SAUDI ARABIA,SAU,215,SAU,NA,2020-08-01,2020-08-31,2020,104,Probable and confirmed,Admin0,Month,MOH-SAU-2019-Y01-13,EMRO
SAUDI ARABIA,NA,NA,SAUDI ARABIA,SAU,215,SAU,NA,2020-09-01,2020-09-30,2020,25,Probable and confirmed,Admin0,Month,MOH-SAU-2019-Y01-13,EMRO
SAUDI ARABIA,NA,NA,SAUDI ARABIA,SAU,215,SAU,NA,2020-10-01,2020-10-31,2020,26,Probable and confirmed,Admin0,Month,MOH-SAU-2019-Y01-13,EMRO
SAUDI ARABIA,NA,NA,SAUDI ARABIA,SAU,215,SAU,NA,2020-11-01,2020-11-30,2020,38,Probable and confirmed,Admin0,Month,MOH-SAU-2019-Y01-13,EMRO
SAUDI ARABIA,NA,NA,SAUDI ARABIA,SAU,215,SAU,NA,2020-12-01,2020-12-31,2020,66,Probable and confirmed,Admin0,Month,MOH-SAU-2019-Y01-13,EMRO
SAUDI ARABIA,NA,NA,SAUDI ARABIA,SAU,215,SAU,NA,2021-01-01,2021-01-31,2021,226,Probable and confirmed,Admin0,Month,MOH-SAU-2021-Y01-15,EMRO
SAUDI ARABIA,NA,NA,SAUDI ARABIA,SAU,215,SAU,NA,2021-02-01,2021-02-28,2021,271,Probable and confirmed,Admin0,Month,MOH-SAU-2021-Y01-15,EMRO
SAUDI ARABIA,NA,NA,SAUDI ARABIA,SAU,215,SAU,NA,2021-03-01,2021-03-31,2021,426,Probable and confirmed,Admin0,Month,MOH-SAU-2021-Y01-15,EMRO
SAUDI ARABIA,NA,NA,SAUDI ARABIA,SAU,215,SAU,NA,2021-04-01,2021-04-30,2021,587,Probable and confirmed,Admin0,Month,MOH-SAU-2021-Y01-15,EMRO
SAUDI ARABIA,NA,NA,SAUDI ARABIA,SAU,215,SAU,NA,2021-05-01,2021-05-31,2021,764,Probable and confirmed,Admin0,Month,MOH-SAU-2021-Y01-15,EMRO
SAUDI ARABIA,NA,NA,SAUDI ARABIA,SAU,215,SAU,NA,2021-06-01,2021-06-30,2021,479,Probable and confirmed,Admin0,Month,MOH-SAU-2021-Y01-15,EMRO
SAUDI ARABIA,NA,NA,SAUDI ARABIA,SAU,215,SAU,NA,2021-07-01,2021-07-31,2021,197,Probable and confirmed,Admin0,Month,MOH-SAU-2021-Y01-15,EMRO
SAUDI ARABIA,NA,NA,SAUDI ARABIA,SAU,215,SAU,NA,2021-08-01,2021-08-31,2021,82,Probable and confirmed,Admin0,Month,MOH-SAU-2021-Y01-15,EMRO
SAUDI ARABIA,NA,NA,SAUDI ARABIA,SAU,215,SAU,NA,2021-09-01,2021-09-30,2021,38,Probable and confirmed,Admin0,Month,MOH-SAU-2021-Y01-15,EMRO
SAUDI ARABIA,NA,NA,SAUDI ARABIA,SAU,215,SAU,NA,2021-10-01,2021-10-31,2021,52,Probable and confirmed,Admin0,Month,MOH-SAU-2021-Y01-15,EMRO
SAUDI ARABIA,NA,NA,SAUDI ARABIA,SAU,215,SAU,NA,2021-11-01,2021-11-30,2021,89,Probable and confirmed,Admin0,Month,MOH-SAU-2021-Y01-15,EMRO
SAUDI ARABIA,NA,NA,SAUDI ARABIA,SAU,215,SAU,NA,2021-12-01,2021-12-31,2021,210,Probable and confirmed,Admin0,Month,MOH-SAU-2021-Y01-15,EMRO
SAUDI ARABIA,NA,NA,SAUDI ARABIA,SAU,215,SAU,NA,2022-01-02,2022-01-08,2022,0,Probable and confirmed,Admin0,Week,MOH-SAU-2022-Y02-04,EMRO
SAUDI ARABIA,NA,NA,SAUDI ARABIA,SAU,215,SAU,NA,2022-01-09,2022-01-15,2022,0,Probable and confirmed,Admin0,Week,MOH-SAU-2022-Y02-04,EMRO
SAUDI ARABIA,NA,NA,SAUDI ARABIA,SAU,215,SAU,NA,2022-01-16,2022-01-22,2022,0,Probable and confirmed,Admin0,Week,MOH-SAU-2022-Y02-04,EMRO
SAUDI ARABIA,NA,NA,SAUDI ARABIA,SAU,215,SAU,NA,2022-01-23,2022-01-29,2022,0,Probable and confirmed,Admin0,Week,MOH-SAU-2022-Y02-04,EMRO
SAUDI ARABIA,NA,NA,SAUDI ARABIA,SAU,215,SAU,NA,2022-01-30,2022-02-05,2022,0,Probable and confirmed,Admin0,Week,MOH-SAU-2022-Y02-04,EMRO
SAUDI ARABIA,NA,NA,SAUDI ARABIA,SAU,215,SAU,NA,2022-02-06,2022-02-12,2022,0,Probable and confirmed,Admin0,Week,MOH-SAU-2022-Y02-04,EMRO
SAUDI ARABIA,NA,NA,SAUDI ARABIA,SAU,215,SAU,NA,2022-02-13,2022-02-19,2022,0,Probable and confirmed,Admin0,Week,MOH-SAU-2022-Y02-04,EMRO
SAUDI ARABIA,NA,NA,SAUDI ARABIA,SAU,215,SAU,NA,2022-02-20,2022-02-26,2022,0,Probable and confirmed,Admin0,Week,MOH-SAU-2022-Y02-04,EMRO
SAUDI ARABIA,NA,NA,SAUDI ARABIA,SAU,215,SAU,NA,2022-02-27,2022-03-05,2022,0,Probable and confirmed,Admin0,Week,MOH-SAU-2022-Y02-04,EMRO
SAUDI ARABIA,NA,NA,SAUDI ARABIA,SAU,215,SAU,NA,2022-03-06,2022-03-12,2022,0,Probable and confirmed,Admin0,Week,MOH-SAU-2022-Y02-04,EMRO
SAUDI ARABIA,NA,NA,SAUDI ARABIA,SAU,215,SAU,NA,2022-03-13,2022-03-19,2022,0,Probable and confirmed,Admin0,Week,MOH-SAU-2022-Y02-04,EMRO
SAUDI ARABIA,NA,NA,SAUDI ARABIA,SAU,215,SAU,NA,2022-03-20,2022-03-26,2022,0,Probable and confirmed,Admin0,Week,MOH-SAU-2022-Y02-04,EMRO
SAUDI ARABIA,NA,NA,SAUDI ARABIA,SAU,215,SAU,NA,2022-03-27,2022-04-02,2022,0,Probable and confirmed,Admin0,Week,MOH-SAU-2022-Y02-04,EMRO
SAUDI ARABIA,NA,NA,SAUDI ARABIA,SAU,215,SAU,NA,2022-04-03,2022-04-09,2022,0,Probable and confirmed,Admin0,Week,MOH-SAU-2022-Y02-04,EMRO
SAUDI ARABIA,NA,NA,SAUDI ARABIA,SAU,215,SAU,NA,2022-04-10,2022-04-16,2022,0,Probable and confirmed,Admin0,Week,MOH-SAU-2022-Y02-04,EMRO
SAUDI ARABIA,NA,NA,SAUDI ARABIA,SAU,215,SAU,NA,2022-04-17,2022-04-23,2022,0,Probable and confirmed,Admin0,Week,MOH-SAU-2022-Y02-04,EMRO
SAUDI ARABIA,NA,NA,SAUDI ARABIA,SAU,215,SAU,NA,2022-04-24,2022-04-30,2022,0,Probable and confirmed,Admin0,Week,MOH-SAU-2022-Y02-04,EMRO
SAUDI ARABIA,NA,NA,SAUDI ARABIA,SAU,215,SAU,NA,2022-05-01,2022-05-07,2022,0,Probable and confirmed,Admin0,Week,MOH-SAU-2022-Y02-04,EMRO
SAUDI ARABIA,NA,NA,SAUDI ARABIA,SAU,215,SAU,NA,2022-05-08,2022-05-14,2022,0,Probable and confirmed,Admin0,Week,MOH-SAU-2022-Y02-04,EMRO
SAUDI ARABIA,NA,NA,SAUDI ARABIA,SAU,215,SAU,NA,2022-05-15,2022-05-21,2022,0,Probable and confirmed,Admin0,Week,MOH-SAU-2022-Y02-04,EMRO
SAUDI ARABIA,NA,NA,SAUDI ARABIA,SAU,215,SAU,NA,2022-05-22,2022-05-28,2022,0,Probable and confirmed,Admin0,Week,MOH-SAU-2022-Y02-04,EMRO
SAUDI ARABIA,NA,NA,SAUDI ARABIA,SAU,215,SAU,NA,2022-05-29,2022-06-04,2022,38,Probable and confirmed,Admin0,Week,MOH-SAU-2022-Y02-04,EMRO
SAUDI ARABIA,NA,NA,SAUDI ARABIA,SAU,215,SAU,NA,2022-06-05,2022-06-11,2022,26,Probable and confirmed,Admin0,Week,MOH-SAU-2022-Y02-04,EMRO
SAUDI ARABIA,NA,NA,SAUDI ARABIA,SAU,215,SAU,NA,2022-06-12,2022-06-18,2022,8,Probable and confirmed,Admin0,Week,MOH-SAU-2022-Y02-04,EMRO
SAUDI ARABIA,NA,NA,SAUDI ARABIA,SAU,215,SAU,NA,2022-06-19,2022-06-25,2022,10,Probable and confirmed,Admin0,Week,MOH-SAU-2022-Y02-04,EMRO
SAUDI ARABIA,NA,NA,SAUDI ARABIA,SAU,215,SAU,NA,2022-06-26,2022-07-02,2022,14,Probable and confirmed,Admin0,Week,MOH-SAU-2022-Y02-04,EMRO
SAUDI ARABIA,NA,NA,SAUDI ARABIA,SAU,215,SAU,NA,2022-07-03,2022-07-09,2022,9,Probable and confirmed,Admin0,Week,MOH-SAU-2022-Y02-04,EMRO
SAUDI ARABIA,NA,NA,SAUDI ARABIA,SAU,215,SAU,NA,2022-07-10,2022-07-16,2022,9,Probable and confirmed,Admin0,Week,MOH-SAU-2022-Y02-04,EMRO
SAUDI ARABIA,NA,NA,SAUDI ARABIA,SAU,215,SAU,NA,2022-07-17,2022-07-23,2022,17,Probable and confirmed,Admin0,Week,MOH-SAU-2022-Y02-04,EMRO
SAUDI ARABIA,NA,NA,SAUDI ARABIA,SAU,215,SAU,NA,2022-07-24,2022-07-30,2022,31,Probable and confirmed,Admin0,Week,MOH-SAU-2022-Y02-04,EMRO
SAUDI ARABIA,NA,NA,SAUDI ARABIA,SAU,215,SAU,NA,2022-07-31,2022-08-06,2022,33,Probable and confirmed,Admin0,Week,MOH-SAU-2022-Y02-04,EMRO
SAUDI ARABIA,NA,NA,SAUDI ARABIA,SAU,215,SAU,NA,2022-08-07,2022-08-13,2022,21,Probable and confirmed,Admin0,Week,MOH-SAU-2022-Y02-04,EMRO
SAUDI ARABIA,NA,NA,SAUDI ARABIA,SAU,215,SAU,NA,2022-08-14,2022-08-20,2022,17,Probable and confirmed,Admin0,Week,MOH-SAU-2022-Y02-04,EMRO
SAUDI ARABIA,NA,NA,SAUDI ARABIA,SAU,215,SAU,NA,2022-08-21,2022-08-27,2022,12,Probable and confirmed,Admin0,Week,MOH-SAU-2022-Y02-04,EMRO
SAUDI ARABIA,NA,NA,SAUDI ARABIA,SAU,215,SAU,NA,2022-08-28,2022-09-03,2022,22,Probable and confirmed,Admin0,Week,MOH-SAU-2022-Y02-04,EMRO
SAUDI ARABIA,NA,NA,SAUDI ARABIA,SAU,215,SAU,NA,2022-09-04,2022-09-10,2022,19,Probable and confirmed,Admin0,Week,MOH-SAU-2022-Y02-04,EMRO
SAUDI ARABIA,NA,NA,SAUDI ARABIA,SAU,215,SAU,NA,2022-09-11,2022-09-17,2022,22,Probable and confirmed,Admin0,Week,MOH-SAU-2022-Y02-04,EMRO
SAUDI ARABIA,NA,NA,SAUDI ARABIA,SAU,215,SAU,NA,2022-09-18,2022-09-24,2022,17,Probable and confirmed,Admin0,Week,MOH-SAU-2022-Y02-04,EMRO
SAUDI ARABIA,NA,NA,SAUDI ARABIA,SAU,215,SAU,NA,2022-09-25,2022-10-01,2022,11,Probable and confirmed,Admin0,Week,MOH-SAU-2022-Y02-04,EMRO
SAUDI ARABIA,NA,NA,SAUDI ARABIA,SAU,215,SAU,NA,2022-10-02,2022-10-08,2022,43,Probable and confirmed,Admin0,Week,MOH-SAU-2022-Y02-04,EMRO
SAUDI ARABIA,NA,NA,SAUDI ARABIA,SAU,215,SAU,NA,2022-10-09,2022-10-15,2022,31,Probable and confirmed,Admin0,Week,MOH-SAU-2022-Y02-04,EMRO
SAUDI ARABIA,NA,NA,SAUDI ARABIA,SAU,215,SAU,NA,2022-10-16,2022-10-22,2022,33,Probable and confirmed,Admin0,Week,MOH-SAU-2022-Y02-04,EMRO
SAUDI ARABIA,NA,NA,SAUDI ARABIA,SAU,215,SAU,NA,2022-10-23,2022-10-29,2022,32,Probable and confirmed,Admin0,Week,MOH-SAU-2022-Y02-04,EMRO
SAUDI ARABIA,NA,NA,SAUDI ARABIA,SAU,215,SAU,NA,2022-10-30,2022-11-05,2022,91,Probable and confirmed,Admin0,Week,MOH-SAU-2022-Y02-04,EMRO
SAUDI ARABIA,NA,NA,SAUDI ARABIA,SAU,215,SAU,NA,2022-11-06,2022-11-12,2022,114,Probable and confirmed,Admin0,Week,MOH-SAU-2022-Y02-04,EMRO
SAUDI ARABIA,NA,NA,SAUDI ARABIA,SAU,215,SAU,NA,2022-11-13,2022-11-19,2022,29,Probable and confirmed,Admin0,Week,MOH-SAU-2022-Y02-04,EMRO
SAUDI ARABIA,NA,NA,SAUDI ARABIA,SAU,215,SAU,NA,2022-11-20,2022-11-26,2022,20,Probable and confirmed,Admin0,Week,MOH-SAU-2022-Y02-04,EMRO
SAUDI ARABIA,NA,NA,SAUDI ARABIA,SAU,215,SAU,NA,2022-11-27,2022-12-03,2022,59,Probable and confirmed,Admin0,Week,MOH-SAU-2022-Y02-04,EMRO
SAUDI ARABIA,NA,NA,SAUDI ARABIA,SAU,215,SAU,NA,2022-12-04,2022-12-10,2022,166,Probable and confirmed,Admin0,Week,MOH-SAU-2022-Y02-04,EMRO
SAUDI ARABIA,NA,NA,SAUDI ARABIA,SAU,215,SAU,NA,2022-12-11,2022-12-17,2022,192,Probable and confirmed,Admin0,Week,MOH-SAU-2022-Y02-04,EMRO
SAUDI ARABIA,NA,NA,SAUDI ARABIA,SAU,215,SAU,NA,2022-12-18,2022-12-24,2022,113,Probable and confirmed,Admin0,Week,MOH-SAU-2022-Y02-04,EMRO
SAUDI ARABIA,NA,NA,SAUDI ARABIA,SAU,215,SAU,NA,2022-12-25,2022-12-31,2022,211,Probable and confirmed,Admin0,Week,MOH-SAU-2022-Y02-04,EMRO
SAUDI ARABIA,NA,NA,SAUDI ARABIA,SAU,215,SAU,NA,2023-01-01,2023-01-31,2023,3075,Probable and confirmed,Admin0,Month,MOH-SAU-2023-Y01-16,EMRO
SAUDI ARABIA,NA,NA,SAUDI ARABIA,SAU,215,SAU,NA,2023-02-01,2023-02-28,2023,3608,Probable and confirmed,Admin0,Month,MOH-SAU-2023-Y01-16,EMRO
SAUDI ARABIA,NA,NA,SAUDI ARABIA,SAU,215,SAU,NA,2023-03-01,2023-03-31,2023,3139,Probable and confirmed,Admin0,Month,MOH-SAU-2023-Y01-16,EMRO
SAUDI ARABIA,NA,NA,SAUDI ARABIA,SAU,215,SAU,NA,2023-04-01,2023-04-30,2023,1764,Probable and confirmed,Admin0,Month,MOH-SAU-2023-Y01-16,EMRO
SAUDI ARABIA,NA,NA,SAUDI ARABIA,SAU,215,SAU,NA,2023-05-01,2023-05-31,2023,824,Probable and confirmed,Admin0,Month,MOH-SAU-2023-Y01-16,EMRO
SAUDI ARABIA,NA,NA,SAUDI ARABIA,SAU,215,SAU,NA,2023-06-01,2023-06-30,2023,818,Probable and confirmed,Admin0,Month,MOH-SAU-2023-Y01-16,EMRO
SAUDI ARABIA,NA,NA,SAUDI ARABIA,SAU,215,SAU,NA,2023-07-01,2023-07-31,2023,504,Probable and confirmed,Admin0,Month,MOH-SAU-2023-Y01-16,EMRO
SAUDI ARABIA,NA,NA,SAUDI ARABIA,SAU,215,SAU,NA,2023-08-01,2023-08-31,2023,211,Probable and confirmed,Admin0,Month,MOH-SAU-2023-Y01-16,EMRO
SAUDI ARABIA,NA,NA,SAUDI ARABIA,SAU,215,SAU,NA,2023-09-01,2023-09-30,2023,133,Probable and confirmed,Admin0,Month,MOH-SAU-2023-Y01-16,EMRO
SAUDI ARABIA,NA,NA,SAUDI ARABIA,SAU,215,SAU,NA,2023-10-01,2023-10-31,2023,110,Probable and confirmed,Admin0,Month,MOH-SAU-2023-Y01-16,EMRO
SAUDI ARABIA,NA,NA,SAUDI ARABIA,SAU,215,SAU,NA,2023-11-01,2023-11-30,2023,198,Probable and confirmed,Admin0,Month,MOH-SAU-2023-Y01-16,EMRO
SAUDI ARABIA,NA,NA,SAUDI ARABIA,SAU,215,SAU,NA,2023-12-01,2023-12-31,2023,626,Probable and confirmed,Admin0,Month,MOH-SAU-2023-Y01-16,EMRO
SAUDI ARABIA,NA,NA,SAUDI ARABIA,SAU,215,SAU,NA,2024-01-01,2024-01-31,2024,1504,Total,Admin0,Month,WHO-ALL-2025-Y01-00,EMRO
SAUDI ARABIA,NA,NA,SAUDI ARABIA,SAU,215,SAU,NA,2024-02-01,2024-02-29,2024,1664,Total,Admin0,Month,WHO-ALL-2025-Y01-00,EMRO
SAUDI ARABIA,NA,NA,SAUDI ARABIA,SAU,215,SAU,NA,2024-03-01,2024-03-31,2024,1426,Total,Admin0,Month,WHO-ALL-2025-Y01-00,EMRO
SAUDI ARABIA,NA,NA,SAUDI ARABIA,SAU,215,SAU,NA,2024-04-01,2024-04-30,2024,1075,Total,Admin0,Month,WHO-ALL-2025-Y01-00,EMRO
SAUDI ARABIA,NA,NA,SAUDI ARABIA,SAU,215,SAU,NA,2024-05-01,2024-05-31,2024,1024,Total,Admin0,Month,WHO-ALL-2025-Y01-00,EMRO
SAUDI ARABIA,NA,NA,SAUDI ARABIA,SAU,215,SAU,NA,2024-06-01,2024-06-30,2024,857,Total,Admin0,Month,WHO-ALL-2025-Y01-00,EMRO
SAUDI ARABIA,NA,NA,SAUDI ARABIA,SAU,215,SAU,NA,2024-07-01,2024-07-31,2024,320,Total,Admin0,Month,WHO-ALL-2025-Y01-00,EMRO
SAUDI ARABIA,NA,NA,SAUDI ARABIA,SAU,215,SAU,NA,2024-08-01,2024-08-31,2024,323,Total,Admin0,Month,WHO-ALL-2025-Y01-00,EMRO
SUDAN,NA,NA,SUDAN,SDN,40764,SDN,NA,2023-07-01,2023-07-31,2023,1,Total,Admin0,Month,WHO-ALL-2025-Y01-00,EMRO
SUDAN,NA,NA,SUDAN,SDN,40764,SDN,NA,2023-08-01,2023-08-31,2023,147,Total,Admin0,Month,WHO-ALL-2025-Y01-00,EMRO
SUDAN,NA,NA,SUDAN,SDN,40764,SDN,NA,2023-09-01,2023-09-30,2023,1685,Total,Admin0,Month,WHO-ALL-2025-Y01-00,EMRO
SUDAN,NA,NA,SUDAN,SDN,40764,SDN,NA,2023-10-01,2023-10-31,2023,2680,Total,Admin0,Month,WHO-ALL-2025-Y01-00,EMRO
SUDAN,NA,NA,SUDAN,SDN,40764,SDN,NA,2023-11-01,2023-11-30,2023,1760,Total,Admin0,Month,WHO-ALL-2025-Y01-00,EMRO
SUDAN,NA,NA,SUDAN,SDN,40764,SDN,NA,2023-12-01,2023-12-31,2023,1074,Total,Admin0,Month,WHO-ALL-2025-Y01-00,EMRO
SUDAN,NA,NA,SUDAN,SDN,40764,SDN,NA,2024-01-01,2024-01-31,2024,494,Total,Admin0,Month,WHO-ALL-2025-Y01-00,EMRO
SUDAN,NA,NA,SUDAN,SDN,40764,SDN,NA,2024-02-01,2024-02-29,2024,446,Total,Admin0,Month,WHO-ALL-2025-Y01-00,EMRO
SUDAN,NA,NA,SUDAN,SDN,40764,SDN,NA,2024-03-01,2024-03-31,2024,488,Total,Admin0,Month,WHO-ALL-2025-Y01-00,EMRO
SUDAN,NA,NA,SUDAN,SDN,40764,SDN,NA,2024-04-01,2024-04-30,2024,317,Total,Admin0,Month,WHO-ALL-2025-Y01-00,EMRO
SUDAN,NA,NA,SUDAN,SDN,40764,SDN,NA,2024-05-01,2024-05-31,2024,184,Total,Admin0,Month,WHO-ALL-2025-Y01-00,EMRO
SUDAN,NA,NA,SUDAN,SDN,40764,SDN,NA,2024-06-01,2024-06-30,2024,41,Total,Admin0,Month,WHO-ALL-2025-Y01-00,EMRO
SUDAN,NA,NA,SUDAN,SDN,40764,SDN,NA,2024-07-01,2024-07-31,2024,23,Total,Admin0,Month,WHO-ALL-2025-Y01-00,EMRO
SUDAN,NA,NA,SUDAN,SDN,40764,SDN,NA,2024-08-01,2024-08-31,2024,25,Total,Admin0,Month,WHO-ALL-2025-Y01-00,EMRO
SUDAN,NA,NA,SUDAN,SDN,40764,SDN,NA,2024-09-01,2024-09-30,2024,215,Total,Admin0,Month,WHO-ALL-2025-Y01-00,EMRO
SUDAN,NA,NA,SUDAN,SDN,40764,SDN,NA,2024-10-01,2024-10-31,2024,4091,Total,Admin0,Month,WHO-ALL-2025-Y01-00,EMRO
SUDAN,NA,NA,SUDAN,SDN,40764,SDN,NA,2024-11-01,2024-11-30,2024,3168,Total,Admin0,Month,WHO-ALL-2025-Y01-00,EMRO
SUDAN,NA,NA,SUDAN,SDN,40764,SDN,NA,2024-12-01,2024-12-31,2024,1068,Total,Admin0,Month,WHO-ALL-2025-Y01-00,EMRO
SUDAN,NA,NA,SUDAN,SDN,40764,SDN,NA,2025-01-01,2025-01-31,2025,712,Total,Admin0,Month,WHO-ALL-2025-Y01-00,EMRO
SUDAN,NA,NA,SUDAN,SDN,40764,SDN,NA,2025-02-01,2025-02-28,2025,811,Total,Admin0,Month,WHO-ALL-2025-Y01-00,EMRO
SUDAN,NA,NA,SUDAN,SDN,40764,SDN,NA,2025-03-01,2025-03-31,2025,663,Total,Admin0,Month,WHO-ALL-2025-Y01-00,EMRO
YEMEN,NA,NA,YEMEN,YEM,269,YEM,NA,2019-12-29,2020-01-04,2019,4343,Confirmed,Admin0,Week,WHOEMRO-ALL-2020-Y01-04,EMRO
YEMEN,NA,NA,YEMEN,YEM,269,YEM,NA,2020-01-05,2020-01-11,2020,4418,Confirmed,Admin0,Week,WHOEMRO-ALL-2020-Y01-04,EMRO
YEMEN,NA,NA,YEMEN,YEM,269,YEM,NA,2020-01-12,2020-01-18,2020,3931,Confirmed,Admin0,Week,WHOEMRO-ALL-2020-Y01-04,EMRO
YEMEN,NA,NA,YEMEN,YEM,269,YEM,NA,2020-01-19,2020-01-25,2020,3339,Confirmed,Admin0,Week,WHOEMRO-ALL-2020-Y01-04,EMRO
YEMEN,NA,NA,YEMEN,YEM,269,YEM,NA,2020-01-26,2020-02-01,2020,2937,Confirmed,Admin0,Week,WHOEMRO-ALL-2020-Y01-04,EMRO
YEMEN,NA,NA,YEMEN,YEM,269,YEM,NA,2020-02-02,2020-02-08,2020,2768,Confirmed,Admin0,Week,WHOEMRO-ALL-2020-Y01-04,EMRO
YEMEN,NA,NA,YEMEN,YEM,269,YEM,NA,2020-02-09,2020-02-15,2020,2482,Confirmed,Admin0,Week,WHOEMRO-ALL-2020-Y01-04,EMRO
YEMEN,NA,NA,YEMEN,YEM,269,YEM,NA,2020-02-16,2020-02-22,2020,2736,Confirmed,Admin0,Week,WHOEMRO-ALL-2020-Y01-04,EMRO
YEMEN,NA,NA,YEMEN,YEM,269,YEM,NA,2020-02-23,2020-02-29,2020,2599,Confirmed,Admin0,Week,WHOEMRO-ALL-2020-Y01-04,EMRO
YEMEN,NA,NA,YEMEN,YEM,269,YEM,NA,2020-03-01,2020-03-07,2020,2536,Confirmed,Admin0,Week,WHOEMRO-ALL-2020-Y01-04,EMRO
YEMEN,NA,NA,YEMEN,YEM,269,YEM,NA,2020-03-08,2020-03-14,2020,1869,Confirmed,Admin0,Week,WHOEMRO-ALL-2020-Y01-04,EMRO
YEMEN,NA,NA,YEMEN,YEM,269,YEM,NA,2020-03-15,2020-03-21,2020,1880,Confirmed,Admin0,Week,WHOEMRO-ALL-2020-Y01-04,EMRO
YEMEN,NA,NA,YEMEN,YEM,269,YEM,NA,2020-03-22,2020-03-28,2020,1425,Confirmed,Admin0,Week,WHOEMRO-ALL-2020-Y01-04,EMRO
YEMEN,NA,NA,YEMEN,YEM,269,YEM,NA,2020-03-29,2020-04-04,2020,1140,Confirmed,Admin0,Week,WHOEMRO-ALL-2020-Y01-04,EMRO
YEMEN,NA,NA,YEMEN,YEM,269,YEM,NA,2020-04-05,2020-04-11,2020,1055,Confirmed,Admin0,Week,WHOEMRO-ALL-2020-Y01-04,EMRO
YEMEN,NA,NA,YEMEN,YEM,269,YEM,NA,2020-04-12,2020-04-18,2020,1246,Confirmed,Admin0,Week,WHOEMRO-ALL-2020-Y01-04,EMRO
YEMEN,NA,NA,YEMEN,YEM,269,YEM,NA,2020-04-19,2020-04-25,2020,908,Confirmed,Admin0,Week,WHOEMRO-ALL-2020-Y01-04,EMRO
YEMEN,NA,NA,YEMEN,YEM,269,YEM,NA,2020-04-26,2020-05-02,2020,1014,Confirmed,Admin0,Week,WHOEMRO-ALL-2020-Y01-04,EMRO
YEMEN,NA,NA,YEMEN,YEM,269,YEM,NA,2020-05-03,2020-05-09,2020,1162,Confirmed,Admin0,Week,WHOEMRO-ALL-2020-Y01-04,EMRO
YEMEN,NA,NA,YEMEN,YEM,269,YEM,NA,2020-05-10,2020-05-16,2020,962,Confirmed,Admin0,Week,WHOEMRO-ALL-2020-Y01-04,EMRO
YEMEN,NA,NA,YEMEN,YEM,269,YEM,NA,2020-05-17,2020-05-23,2020,792,Confirmed,Admin0,Week,WHOEMRO-ALL-2020-Y01-04,EMRO
YEMEN,NA,NA,YEMEN,YEM,269,YEM,NA,2020-05-24,2020-05-30,2020,719,Confirmed,Admin0,Week,WHOEMRO-ALL-2020-Y01-04,EMRO
YEMEN,NA,NA,YEMEN,YEM,269,YEM,NA,2020-05-31,2020-06-06,2020,782,Confirmed,Admin0,Week,WHOEMRO-ALL-2020-Y01-04,EMRO
YEMEN,NA,NA,YEMEN,YEM,269,YEM,NA,2020-06-07,2020-06-13,2020,889,Confirmed,Admin0,Week,WHOEMRO-ALL-2020-Y01-04,EMRO
YEMEN,NA,NA,YEMEN,YEM,269,YEM,NA,2020-06-14,2020-06-20,2020,688,Confirmed,Admin0,Week,WHOEMRO-ALL-2020-Y01-04,EMRO
YEMEN,NA,NA,YEMEN,YEM,269,YEM,NA,2020-06-21,2020-06-27,2020,625,Confirmed,Admin0,Week,WHOEMRO-ALL-2020-Y01-04,EMRO
YEMEN,NA,NA,YEMEN,YEM,269,YEM,NA,2020-06-28,2020-07-04,2020,646,Confirmed,Admin0,Week,WHOEMRO-ALL-2020-Y01-04,EMRO
YEMEN,NA,NA,YEMEN,YEM,269,YEM,NA,2020-07-05,2020-07-11,2020,551,Confirmed,Admin0,Week,WHOEMRO-ALL-2020-Y01-04,EMRO
YEMEN,NA,NA,YEMEN,YEM,269,YEM,NA,2020-07-12,2020-07-18,2020,509,Confirmed,Admin0,Week,WHOEMRO-ALL-2020-Y01-04,EMRO
YEMEN,NA,NA,YEMEN,YEM,269,YEM,NA,2020-07-19,2020-07-25,2020,382,Confirmed,Admin0,Week,WHOEMRO-ALL-2020-Y01-04,EMRO
YEMEN,NA,NA,YEMEN,YEM,269,YEM,NA,2020-07-26,2020-08-01,2020,245,Confirmed,Admin0,Week,WHOEMRO-ALL-2020-Y01-04,EMRO
YEMEN,NA,NA,YEMEN,YEM,269,YEM,NA,2020-08-02,2020-08-08,2020,341,Confirmed,Admin0,Week,WHOEMRO-ALL-2020-Y01-04,EMRO
YEMEN,NA,NA,YEMEN,YEM,269,YEM,NA,2020-08-09,2020-08-15,2020,478,Confirmed,Admin0,Week,WHOEMRO-ALL-2020-Y01-04,EMRO
YEMEN,NA,NA,YEMEN,YEM,269,YEM,NA,2020-08-16,2020-08-22,2020,500,Confirmed,Admin0,Week,WHOEMRO-ALL-2020-Y01-04,EMRO
YEMEN,NA,NA,YEMEN,YEM,269,YEM,NA,2020-08-23,2020-08-29,2020,511,Confirmed,Admin0,Week,WHOEMRO-ALL-2020-Y01-04,EMRO
YEMEN,NA,NA,YEMEN,YEM,269,YEM,NA,2020-08-30,2020-09-05,2020,585,Confirmed,Admin0,Week,WHOEMRO-ALL-2020-Y01-04,EMRO
YEMEN,NA,NA,YEMEN,YEM,269,YEM,NA,2020-09-06,2020-09-12,2020,480,Confirmed,Admin0,Week,WHOEMRO-ALL-2020-Y01-04,EMRO
YEMEN,NA,NA,YEMEN,YEM,269,YEM,NA,2020-09-13,2020-09-19,2020,459,Confirmed,Admin0,Week,WHOEMRO-ALL-2020-Y01-04,EMRO
YEMEN,NA,NA,YEMEN,YEM,269,YEM,NA,2020-09-20,2020-09-26,2020,618,Confirmed,Admin0,Week,WHOEMRO-ALL-2020-Y01-04,EMRO
YEMEN,NA,NA,YEMEN,YEM,269,YEM,NA,2020-09-27,2020-10-03,2020,957,Confirmed,Admin0,Week,WHOEMRO-ALL-2020-Y01-04,EMRO
YEMEN,NA,NA,YEMEN,YEM,269,YEM,NA,2020-10-04,2020-10-10,2020,1042,Confirmed,Admin0,Week,WHOEMRO-ALL-2020-Y01-04,EMRO
YEMEN,NA,NA,YEMEN,YEM,269,YEM,NA,2020-10-11,2020-10-17,2020,1307,Confirmed,Admin0,Week,WHOEMRO-ALL-2020-Y01-04,EMRO
YEMEN,NA,NA,YEMEN,YEM,269,YEM,NA,2020-10-18,2020-10-24,2020,1117,Confirmed,Admin0,Week,WHOEMRO-ALL-2020-Y01-04,EMRO
YEMEN,NA,NA,YEMEN,YEM,269,YEM,NA,2020-10-25,2020-10-31,2020,789,Confirmed,Admin0,Week,WHOEMRO-ALL-2020-Y01-04,EMRO
YEMEN,NA,NA,YEMEN,YEM,269,YEM,NA,2020-11-01,2020-11-07,2020,916,Confirmed,Admin0,Week,WHOEMRO-ALL-2020-Y01-04,EMRO
YEMEN,NA,NA,YEMEN,YEM,269,YEM,NA,2020-11-08,2020-11-14,2020,811,Confirmed,Admin0,Week,WHOEMRO-ALL-2020-Y01-04,EMRO
YEMEN,NA,NA,YEMEN,YEM,269,YEM,NA,2020-11-15,2020-11-21,2020,652,Confirmed,Admin0,Week,WHOEMRO-ALL-2020-Y01-04,EMRO
YEMEN,NA,NA,YEMEN,YEM,269,YEM,NA,2020-11-22,2020-11-28,2020,726,Confirmed,Admin0,Week,WHOEMRO-ALL-2020-Y01-04,EMRO
YEMEN,NA,NA,YEMEN,YEM,269,YEM,NA,2020-11-29,2020-12-05,2020,589,Confirmed,Admin0,Week,WHOEMRO-ALL-2020-Y01-04,EMRO
YEMEN,NA,NA,YEMEN,YEM,269,YEM,NA,2020-12-06,2020-12-12,2020,664,Confirmed,Admin0,Week,WHOEMRO-ALL-2020-Y01-04,EMRO
YEMEN,NA,NA,YEMEN,YEM,269,YEM,NA,2020-12-13,2020-12-19,2020,431,Confirmed,Admin0,Week,WHOEMRO-ALL-2020-Y01-04,EMRO
YEMEN,NA,NA,YEMEN,YEM,269,YEM,NA,2020-12-20,2020-12-26,2020,474,Confirmed,Admin0,Week,WHOEMRO-ALL-2020-Y01-04,EMRO
YEMEN,NA,NA,YEMEN,YEM,269,YEM,NA,2020-12-27,2021-01-02,2020,346,Suspected and confirmed,Admin0,Week,LITERATURE-YEM-20202024-Y01-00,EMRO
YEMEN,NA,NA,YEMEN,YEM,269,YEM,NA,2021-01-03,2021-01-09,2021,100,Suspected,Admin0,Week,WHOEMRO-ALL-2021-Y01-05,EMRO
YEMEN,NA,NA,YEMEN,YEM,269,YEM,NA,2021-01-10,2021-01-16,2021,149,Suspected,Admin0,Week,WHOEMRO-ALL-2021-Y01-05,EMRO
YEMEN,NA,NA,YEMEN,YEM,269,YEM,NA,2021-01-17,2021-01-23,2021,201,Suspected,Admin0,Week,WHOEMRO-ALL-2021-Y01-05,EMRO
YEMEN,NA,NA,YEMEN,YEM,269,YEM,NA,2021-01-24,2021-01-30,2021,201,Suspected,Admin0,Week,WHOEMRO-ALL-2021-Y01-05,EMRO
YEMEN,NA,NA,YEMEN,YEM,269,YEM,NA,2021-01-31,2021-02-06,2021,101,Suspected,Admin0,Week,WHOEMRO-ALL-2021-Y01-05,EMRO
YEMEN,NA,NA,YEMEN,YEM,269,YEM,NA,2021-02-07,2021-02-13,2021,249,Suspected,Admin0,Week,WHOEMRO-ALL-2021-Y01-05,EMRO
YEMEN,NA,NA,YEMEN,YEM,269,YEM,NA,2021-02-14,2021-02-20,2021,101,Suspected,Admin0,Week,WHOEMRO-ALL-2021-Y01-05,EMRO
YEMEN,NA,NA,YEMEN,YEM,269,YEM,NA,2021-02-21,2021-02-27,2021,62,Suspected,Admin0,Week,WHOEMRO-ALL-2021-Y01-05,EMRO
YEMEN,NA,NA,YEMEN,YEM,269,YEM,NA,2021-02-28,2021-03-06,2021,101,Suspected,Admin0,Week,WHOEMRO-ALL-2021-Y01-05,EMRO
YEMEN,NA,NA,YEMEN,YEM,269,YEM,NA,2021-03-07,2021-03-13,2021,111,Suspected,Admin0,Week,WHOEMRO-ALL-2021-Y01-05,EMRO
YEMEN,NA,NA,YEMEN,YEM,269,YEM,NA,2021-03-14,2021-03-20,2021,71,Suspected,Admin0,Week,WHOEMRO-ALL-2021-Y01-05,EMRO
YEMEN,NA,NA,YEMEN,YEM,269,YEM,NA,2021-03-21,2021-03-27,2021,71,Suspected,Admin0,Week,WHOEMRO-ALL-2021-Y01-05,EMRO
YEMEN,NA,NA,YEMEN,YEM,269,YEM,NA,2021-03-28,2021-04-03,2021,99,Suspected,Admin0,Week,WHOEMRO-ALL-2021-Y01-05,EMRO
YEMEN,NA,NA,YEMEN,YEM,269,YEM,NA,2021-04-04,2021-04-10,2021,101,Suspected,Admin0,Week,WHOEMRO-ALL-2021-Y01-05,EMRO
YEMEN,NA,NA,YEMEN,YEM,269,YEM,NA,2021-04-11,2021-04-17,2021,73,Suspected,Admin0,Week,WHOEMRO-ALL-2021-Y01-05,EMRO
YEMEN,NA,NA,YEMEN,YEM,269,YEM,NA,2021-04-18,2021-04-24,2021,98,Suspected,Admin0,Week,WHOEMRO-ALL-2021-Y01-05,EMRO
YEMEN,NA,NA,YEMEN,YEM,269,YEM,NA,2021-04-25,2021-05-01,2021,96,Suspected,Admin0,Week,WHOEMRO-ALL-2021-Y01-05,EMRO
YEMEN,NA,NA,YEMEN,YEM,269,YEM,NA,2021-05-02,2021-05-08,2021,75,Suspected,Admin0,Week,WHOEMRO-ALL-2021-Y01-05,EMRO
YEMEN,NA,NA,YEMEN,YEM,269,YEM,NA,2021-05-09,2021-05-15,2021,150,Suspected,Admin0,Week,WHOEMRO-ALL-2021-Y01-05,EMRO
YEMEN,NA,NA,YEMEN,YEM,269,YEM,NA,2021-05-16,2021-05-22,2021,99,Suspected,Admin0,Week,WHOEMRO-ALL-2021-Y01-05,EMRO
YEMEN,NA,NA,YEMEN,YEM,269,YEM,NA,2021-05-23,2021-05-29,2021,100,Suspected,Admin0,Week,WHOEMRO-ALL-2021-Y01-05,EMRO
YEMEN,NA,NA,YEMEN,YEM,269,YEM,NA,2021-05-30,2021-06-05,2021,110,Suspected,Admin0,Week,WHOEMRO-ALL-2021-Y01-05,EMRO
YEMEN,NA,NA,YEMEN,YEM,269,YEM,NA,2021-06-06,2021-06-12,2021,96,Suspected,Admin0,Week,WHOEMRO-ALL-2021-Y01-05,EMRO
YEMEN,NA,NA,YEMEN,YEM,269,YEM,NA,2021-06-13,2021-06-19,2021,90,Suspected,Admin0,Week,WHOEMRO-ALL-2021-Y01-05,EMRO
YEMEN,NA,NA,YEMEN,YEM,269,YEM,NA,2021-06-20,2021-06-26,2021,52,Suspected,Admin0,Week,WHOEMRO-ALL-2021-Y01-05,EMRO
YEMEN,NA,NA,YEMEN,YEM,269,YEM,NA,2021-06-27,2021-07-03,2021,51,Suspected,Admin0,Week,WHOEMRO-ALL-2021-Y01-05,EMRO
YEMEN,NA,NA,YEMEN,YEM,269,YEM,NA,2021-07-04,2021-07-10,2021,67,Suspected,Admin0,Week,WHOEMRO-ALL-2021-Y01-05,EMRO
YEMEN,NA,NA,YEMEN,YEM,269,YEM,NA,2021-07-11,2021-07-17,2021,52,Suspected,Admin0,Week,WHOEMRO-ALL-2021-Y01-05,EMRO
YEMEN,NA,NA,YEMEN,YEM,269,YEM,NA,2021-07-18,2021-07-24,2021,28,Suspected,Admin0,Week,WHOEMRO-ALL-2021-Y01-05,EMRO
YEMEN,NA,NA,YEMEN,YEM,269,YEM,NA,2021-07-25,2021-07-31,2021,37,Suspected,Admin0,Week,WHOEMRO-ALL-2021-Y01-05,EMRO
YEMEN,NA,NA,YEMEN,YEM,269,YEM,NA,2021-08-01,2021-08-07,2021,47,Suspected,Admin0,Week,WHOEMRO-ALL-2021-Y01-05,EMRO
YEMEN,NA,NA,YEMEN,YEM,269,YEM,NA,2021-08-08,2021-08-14,2021,46,Suspected,Admin0,Week,WHOEMRO-ALL-2021-Y01-05,EMRO
YEMEN,NA,NA,YEMEN,YEM,269,YEM,NA,2021-08-15,2021-08-21,2021,52,Suspected,Admin0,Week,WHOEMRO-ALL-2021-Y01-05,EMRO
YEMEN,NA,NA,YEMEN,YEM,269,YEM,NA,2021-08-22,2021-08-28,2021,53,Suspected,Admin0,Week,WHOEMRO-ALL-2021-Y01-05,EMRO
YEMEN,NA,NA,YEMEN,YEM,269,YEM,NA,2021-08-29,2021-09-04,2021,55,Suspected,Admin0,Week,WHOEMRO-ALL-2021-Y01-05,EMRO
YEMEN,NA,NA,YEMEN,YEM,269,YEM,NA,2021-09-05,2021-09-11,2021,55,Suspected,Admin0,Week,WHOEMRO-ALL-2021-Y01-05,EMRO
YEMEN,NA,NA,YEMEN,YEM,269,YEM,NA,2021-09-12,2021-09-18,2021,55,Suspected,Admin0,Week,WHOEMRO-ALL-2021-Y01-05,EMRO
YEMEN,NA,NA,YEMEN,YEM,269,YEM,NA,2021-09-19,2021-09-25,2021,51,Suspected,Admin0,Week,WHOEMRO-ALL-2021-Y01-05,EMRO
YEMEN,NA,NA,YEMEN,YEM,269,YEM,NA,2021-09-26,2021-10-02,2021,51,Suspected,Admin0,Week,WHOEMRO-ALL-2021-Y01-05,EMRO
YEMEN,NA,NA,YEMEN,YEM,269,YEM,NA,2021-10-03,2021-10-09,2021,54,Suspected,Admin0,Week,WHOEMRO-ALL-2021-Y01-05,EMRO
YEMEN,NA,NA,YEMEN,YEM,269,YEM,NA,2021-10-10,2021-10-16,2021,100,Suspected,Admin0,Week,WHOEMRO-ALL-2021-Y01-05,EMRO
YEMEN,NA,NA,YEMEN,YEM,269,YEM,NA,2021-10-17,2021-10-23,2021,81,Suspected,Admin0,Week,WHOEMRO-ALL-2021-Y01-05,EMRO
YEMEN,NA,NA,YEMEN,YEM,269,YEM,NA,2021-10-24,2021-10-30,2021,91,Suspected,Admin0,Week,WHOEMRO-ALL-2021-Y01-05,EMRO
YEMEN,NA,NA,YEMEN,YEM,269,YEM,NA,2021-10-31,2021-11-06,2021,99,Suspected,Admin0,Week,WHOEMRO-ALL-2021-Y01-05,EMRO
YEMEN,NA,NA,YEMEN,YEM,269,YEM,NA,2021-11-07,2021-11-13,2021,140,Suspected,Admin0,Week,WHOEMRO-ALL-2021-Y01-05,EMRO
YEMEN,NA,NA,YEMEN,YEM,269,YEM,NA,2021-11-14,2021-11-20,2021,150,Suspected,Admin0,Week,WHOEMRO-ALL-2021-Y01-05,EMRO
YEMEN,NA,NA,YEMEN,YEM,269,YEM,NA,2021-11-21,2021-11-27,2021,536,Suspected and confirmed,Admin0,Week,LITERATURE-YEM-20202024-Y01-00,EMRO
YEMEN,NA,NA,YEMEN,YEM,269,YEM,NA,2021-11-28,2021-12-04,2021,457,Suspected and confirmed,Admin0,Week,LITERATURE-YEM-20202024-Y01-00,EMRO
YEMEN,NA,NA,YEMEN,YEM,269,YEM,NA,2021-12-05,2021-12-11,2021,452,Suspected and confirmed,Admin0,Week,LITERATURE-YEM-20202024-Y01-00,EMRO
YEMEN,NA,NA,YEMEN,YEM,269,YEM,NA,2021-12-12,2021-12-18,2021,387,Suspected and confirmed,Admin0,Week,LITERATURE-YEM-20202024-Y01-00,EMRO
YEMEN,NA,NA,YEMEN,YEM,269,YEM,NA,2021-12-19,2021-12-25,2021,527,Suspected and confirmed,Admin0,Week,LITERATURE-YEM-20202024-Y01-00,EMRO
YEMEN,NA,NA,YEMEN,YEM,269,YEM,NA,2021-12-26,2022-01-01,2021,793,Suspected and confirmed,Admin0,Week,LITERATURE-YEM-20202024-Y01-00,EMRO
YEMEN,NA,NA,YEMEN,YEM,269,YEM,NA,2022-01-02,2022-01-08,2022,643,Suspected and confirmed,Admin0,Week,LITERATURE-YEM-20202024-Y01-00,EMRO
YEMEN,NA,NA,YEMEN,YEM,269,YEM,NA,2022-01-09,2022-01-15,2022,620,Suspected and confirmed,Admin0,Week,LITERATURE-YEM-20202024-Y01-00,EMRO
YEMEN,NA,NA,YEMEN,YEM,269,YEM,NA,2022-01-16,2022-01-22,2022,606,Suspected and confirmed,Admin0,Week,LITERATURE-YEM-20202024-Y01-00,EMRO
YEMEN,NA,NA,YEMEN,YEM,269,YEM,NA,2022-01-23,2022-01-29,2022,475,Suspected and confirmed,Admin0,Week,LITERATURE-YEM-20202024-Y01-00,EMRO
YEMEN,NA,NA,YEMEN,YEM,269,YEM,NA,2022-01-30,2022-02-05,2022,345,Suspected and confirmed,Admin0,Week,LITERATURE-YEM-20202024-Y01-00,EMRO
YEMEN,NA,NA,YEMEN,YEM,269,YEM,NA,2022-02-06,2022-02-12,2022,275,Suspected and confirmed,Admin0,Week,LITERATURE-YEM-20202024-Y01-00,EMRO
YEMEN,NA,NA,YEMEN,YEM,269,YEM,NA,2022-02-13,2022-02-19,2022,298,Suspected and confirmed,Admin0,Week,LITERATURE-YEM-20202024-Y01-00,EMRO
YEMEN,NA,NA,YEMEN,YEM,269,YEM,NA,2022-02-20,2022-02-26,2022,303,Suspected and confirmed,Admin0,Week,LITERATURE-YEM-20202024-Y01-00,EMRO
YEMEN,NA,NA,YEMEN,YEM,269,YEM,NA,2022-02-27,2022-03-05,2022,345,Suspected and confirmed,Admin0,Week,LITERATURE-YEM-20202024-Y01-00,EMRO
YEMEN,NA,NA,YEMEN,YEM,269,YEM,NA,2022-03-06,2022-03-12,2022,312,Suspected and confirmed,Admin0,Week,LITERATURE-YEM-20202024-Y01-00,EMRO
YEMEN,NA,NA,YEMEN,YEM,269,YEM,NA,2022-03-13,2022-03-19,2022,262,Suspected and confirmed,Admin0,Week,LITERATURE-YEM-20202024-Y01-00,EMRO
YEMEN,NA,NA,YEMEN,YEM,269,YEM,NA,2022-03-20,2022-03-26,2022,275,Suspected and confirmed,Admin0,Week,LITERATURE-YEM-20202024-Y01-00,EMRO
YEMEN,NA,NA,YEMEN,YEM,269,YEM,NA,2022-03-27,2022-04-02,2022,324,Suspected and confirmed,Admin0,Week,LITERATURE-YEM-20202024-Y01-00,EMRO
YEMEN,NA,NA,YEMEN,YEM,269,YEM,NA,2022-04-03,2022-04-09,2022,265,Suspected and confirmed,Admin0,Week,LITERATURE-YEM-20202024-Y01-00,EMRO
YEMEN,NA,NA,YEMEN,YEM,269,YEM,NA,2022-04-10,2022-04-16,2022,200,Suspected and confirmed,Admin0,Week,LITERATURE-YEM-20202024-Y01-00,EMRO
YEMEN,NA,NA,YEMEN,YEM,269,YEM,NA,2022-04-17,2022-04-23,2022,239,Suspected and confirmed,Admin0,Week,LITERATURE-YEM-20202024-Y01-00,EMRO
YEMEN,NA,NA,YEMEN,YEM,269,YEM,NA,2022-04-24,2022-04-30,2022,331,Suspected and confirmed,Admin0,Week,LITERATURE-YEM-20202024-Y01-00,EMRO
YEMEN,NA,NA,YEMEN,YEM,269,YEM,NA,2022-05-01,2022-05-07,2022,332,Suspected and confirmed,Admin0,Week,LITERATURE-YEM-20202024-Y01-00,EMRO
YEMEN,NA,NA,YEMEN,YEM,269,YEM,NA,2022-05-08,2022-05-14,2022,265,Suspected and confirmed,Admin0,Week,LITERATURE-YEM-20202024-Y01-00,EMRO
YEMEN,NA,NA,YEMEN,YEM,269,YEM,NA,2022-05-15,2022-05-21,2022,237,Suspected and confirmed,Admin0,Week,LITERATURE-YEM-20202024-Y01-00,EMRO
YEMEN,NA,NA,YEMEN,YEM,269,YEM,NA,2022-05-22,2022-05-28,2022,256,Suspected and confirmed,Admin0,Week,LITERATURE-YEM-20202024-Y01-00,EMRO
YEMEN,NA,NA,YEMEN,YEM,269,YEM,NA,2022-05-29,2022-06-04,2022,247,Suspected and confirmed,Admin0,Week,LITERATURE-YEM-20202024-Y01-00,EMRO
YEMEN,NA,NA,YEMEN,YEM,269,YEM,NA,2022-06-05,2022-06-11,2022,223,Suspected and confirmed,Admin0,Week,LITERATURE-YEM-20202024-Y01-00,EMRO
YEMEN,NA,NA,YEMEN,YEM,269,YEM,NA,2022-06-12,2022-06-18,2022,223,Suspected and confirmed,Admin0,Week,LITERATURE-YEM-20202024-Y01-00,EMRO
YEMEN,NA,NA,YEMEN,YEM,269,YEM,NA,2022-06-19,2022-06-25,2022,205,Suspected and confirmed,Admin0,Week,LITERATURE-YEM-20202024-Y01-00,EMRO
YEMEN,NA,NA,YEMEN,YEM,269,YEM,NA,2022-06-26,2022-07-02,2022,205,Suspected and confirmed,Admin0,Week,LITERATURE-YEM-20202024-Y01-00,EMRO
YEMEN,NA,NA,YEMEN,YEM,269,YEM,NA,2022-07-03,2022-07-09,2022,303,Suspected and confirmed,Admin0,Week,LITERATURE-YEM-20202024-Y01-00,EMRO
YEMEN,NA,NA,YEMEN,YEM,269,YEM,NA,2022-07-10,2022-07-16,2022,289,Suspected and confirmed,Admin0,Week,LITERATURE-YEM-20202024-Y01-00,EMRO
YEMEN,NA,NA,YEMEN,YEM,269,YEM,NA,2022-07-17,2022-07-23,2022,376,Suspected and confirmed,Admin0,Week,LITERATURE-YEM-20202024-Y01-00,EMRO
YEMEN,NA,NA,YEMEN,YEM,269,YEM,NA,2022-07-24,2022-07-30,2022,331,Suspected and confirmed,Admin0,Week,LITERATURE-YEM-20202024-Y01-00,EMRO
YEMEN,NA,NA,YEMEN,YEM,269,YEM,NA,2022-07-31,2022-08-06,2022,340,Suspected and confirmed,Admin0,Week,LITERATURE-YEM-20202024-Y01-00,EMRO
YEMEN,NA,NA,YEMEN,YEM,269,YEM,NA,2022-08-07,2022-08-13,2022,483,Suspected and confirmed,Admin0,Week,LITERATURE-YEM-20202024-Y01-00,EMRO
YEMEN,NA,NA,YEMEN,YEM,269,YEM,NA,2022-08-14,2022-08-20,2022,713,Suspected and confirmed,Admin0,Week,LITERATURE-YEM-20202024-Y01-00,EMRO
YEMEN,NA,NA,YEMEN,YEM,269,YEM,NA,2022-08-21,2022-08-27,2022,620,Suspected and confirmed,Admin0,Week,LITERATURE-YEM-20202024-Y01-00,EMRO
YEMEN,NA,NA,YEMEN,YEM,269,YEM,NA,2022-08-28,2022-09-03,2022,872,Suspected and confirmed,Admin0,Week,LITERATURE-YEM-20202024-Y01-00,EMRO
YEMEN,NA,NA,YEMEN,YEM,269,YEM,NA,2022-09-04,2022-09-10,2022,806,Suspected and confirmed,Admin0,Week,LITERATURE-YEM-20202024-Y01-00,EMRO
YEMEN,NA,NA,YEMEN,YEM,269,YEM,NA,2022-09-11,2022-09-17,2022,998,Suspected and confirmed,Admin0,Week,LITERATURE-YEM-20202024-Y01-00,EMRO
YEMEN,NA,NA,YEMEN,YEM,269,YEM,NA,2022-09-18,2022-09-24,2022,1077,Suspected and confirmed,Admin0,Week,LITERATURE-YEM-20202024-Y01-00,EMRO
YEMEN,NA,NA,YEMEN,YEM,269,YEM,NA,2022-09-25,2022-10-01,2022,1226,Suspected and confirmed,Admin0,Week,LITERATURE-YEM-20202024-Y01-00,EMRO
YEMEN,NA,NA,YEMEN,YEM,269,YEM,NA,2022-10-02,2022-10-08,2022,1102,Suspected and confirmed,Admin0,Week,LITERATURE-YEM-20202024-Y01-00,EMRO
YEMEN,NA,NA,YEMEN,YEM,269,YEM,NA,2022-10-09,2022-10-15,2022,895,Suspected and confirmed,Admin0,Week,LITERATURE-YEM-20202024-Y01-00,EMRO
YEMEN,NA,NA,YEMEN,YEM,269,YEM,NA,2022-10-16,2022-10-22,2022,886,Suspected and confirmed,Admin0,Week,LITERATURE-YEM-20202024-Y01-00,EMRO
YEMEN,NA,NA,YEMEN,YEM,269,YEM,NA,2022-10-23,2022-10-29,2022,844,Suspected and confirmed,Admin0,Week,LITERATURE-YEM-20202024-Y01-00,EMRO
YEMEN,NA,NA,YEMEN,YEM,269,YEM,NA,2022-10-30,2022-11-05,2022,612,Suspected and confirmed,Admin0,Week,LITERATURE-YEM-20202024-Y01-00,EMRO
YEMEN,NA,NA,YEMEN,YEM,269,YEM,NA,2022-11-06,2022-11-12,2022,531,Suspected and confirmed,Admin0,Week,LITERATURE-YEM-20202024-Y01-00,EMRO
YEMEN,NA,NA,YEMEN,YEM,269,YEM,NA,2022-11-13,2022-11-19,2022,611,Suspected and confirmed,Admin0,Week,LITERATURE-YEM-20202024-Y01-00,EMRO
YEMEN,NA,NA,YEMEN,YEM,269,YEM,NA,2022-11-20,2022-11-26,2022,475,Suspected and confirmed,Admin0,Week,LITERATURE-YEM-20202024-Y01-00,EMRO
YEMEN,NA,NA,YEMEN,YEM,269,YEM,NA,2022-11-27,2022-12-03,2022,338,Suspected and confirmed,Admin0,Week,LITERATURE-YEM-20202024-Y01-00,EMRO
YEMEN,NA,NA,YEMEN,YEM,269,YEM,NA,2022-12-04,2022-12-10,2022,340,Suspected and confirmed,Admin0,Week,LITERATURE-YEM-20202024-Y01-00,EMRO
YEMEN,NA,NA,YEMEN,YEM,269,YEM,NA,2022-12-11,2022-12-17,2022,391,Suspected and confirmed,Admin0,Week,LITERATURE-YEM-20202024-Y01-00,EMRO
YEMEN,NA,NA,YEMEN,YEM,269,YEM,NA,2022-12-18,2022-12-24,2022,387,Suspected and confirmed,Admin0,Week,LITERATURE-YEM-20202024-Y01-00,EMRO
YEMEN,NA,NA,YEMEN,YEM,269,YEM,NA,2022-12-25,2022-12-31,2022,388,Suspected and confirmed,Admin0,Week,LITERATURE-YEM-20202024-Y01-00,EMRO
YEMEN,NA,NA,YEMEN,YEM,269,YEM,NA,2023-01-01,2023-01-07,2023,401,Suspected and confirmed,Admin0,Week,LITERATURE-YEM-20202024-Y01-00,EMRO
YEMEN,NA,NA,YEMEN,YEM,269,YEM,NA,2023-01-08,2023-01-14,2023,323,Suspected and confirmed,Admin0,Week,LITERATURE-YEM-20202024-Y01-00,EMRO
YEMEN,NA,NA,YEMEN,YEM,269,YEM,NA,2023-01-15,2023-01-21,2023,363,Suspected and confirmed,Admin0,Week,LITERATURE-YEM-20202024-Y01-00,EMRO
YEMEN,NA,NA,YEMEN,YEM,269,YEM,NA,2023-01-22,2023-01-28,2023,447,Suspected and confirmed,Admin0,Week,LITERATURE-YEM-20202024-Y01-00,EMRO
YEMEN,NA,NA,YEMEN,YEM,269,YEM,NA,2023-01-29,2023-02-04,2023,419,Suspected and confirmed,Admin0,Week,LITERATURE-YEM-20202024-Y01-00,EMRO
YEMEN,NA,NA,YEMEN,YEM,269,YEM,NA,2023-02-05,2023-02-11,2023,279,Suspected and confirmed,Admin0,Week,LITERATURE-YEM-20202024-Y01-00,EMRO
YEMEN,NA,NA,YEMEN,YEM,269,YEM,NA,2023-02-12,2023-02-18,2023,307,Suspected and confirmed,Admin0,Week,LITERATURE-YEM-20202024-Y01-00,EMRO
YEMEN,NA,NA,YEMEN,YEM,269,YEM,NA,2023-02-19,2023-02-25,2023,321,Suspected and confirmed,Admin0,Week,LITERATURE-YEM-20202024-Y01-00,EMRO
YEMEN,NA,NA,YEMEN,YEM,269,YEM,NA,2023-02-26,2023-03-04,2023,318,Suspected and confirmed,Admin0,Week,LITERATURE-YEM-20202024-Y01-00,EMRO
YEMEN,NA,NA,YEMEN,YEM,269,YEM,NA,2023-03-05,2023-03-11,2023,242,Suspected and confirmed,Admin0,Week,LITERATURE-YEM-20202024-Y01-00,EMRO
YEMEN,NA,NA,YEMEN,YEM,269,YEM,NA,2023-03-12,2023-03-18,2023,321,Suspected and confirmed,Admin0,Week,LITERATURE-YEM-20202024-Y01-00,EMRO
YEMEN,NA,NA,YEMEN,YEM,269,YEM,NA,2023-03-19,2023-03-25,2023,373,Suspected and confirmed,Admin0,Week,LITERATURE-YEM-20202024-Y01-00,EMRO
YEMEN,NA,NA,YEMEN,YEM,269,YEM,NA,2023-03-26,2023-04-01,2023,340,Suspected and confirmed,Admin0,Week,LITERATURE-YEM-20202024-Y01-00,EMRO
YEMEN,NA,NA,YEMEN,YEM,269,YEM,NA,2023-04-02,2023-04-08,2023,282,Suspected and confirmed,Admin0,Week,LITERATURE-YEM-20202024-Y01-00,EMRO
YEMEN,NA,NA,YEMEN,YEM,269,YEM,NA,2023-04-09,2023-04-15,2023,214,Suspected and confirmed,Admin0,Week,LITERATURE-YEM-20202024-Y01-00,EMRO
YEMEN,NA,NA,YEMEN,YEM,269,YEM,NA,2023-04-16,2023-04-22,2023,363,Suspected and confirmed,Admin0,Week,LITERATURE-YEM-20202024-Y01-00,EMRO
YEMEN,NA,NA,YEMEN,YEM,269,YEM,NA,2023-04-23,2023-04-29,2023,399,Suspected and confirmed,Admin0,Week,LITERATURE-YEM-20202024-Y01-00,EMRO
YEMEN,NA,NA,YEMEN,YEM,269,YEM,NA,2023-04-30,2023-05-06,2023,494,Suspected and confirmed,Admin0,Week,LITERATURE-YEM-20202024-Y01-00,EMRO
YEMEN,NA,NA,YEMEN,YEM,269,YEM,NA,2023-05-07,2023-05-13,2023,555,Suspected and confirmed,Admin0,Week,LITERATURE-YEM-20202024-Y01-00,EMRO
YEMEN,NA,NA,YEMEN,YEM,269,YEM,NA,2023-05-14,2023-05-20,2023,1500,Suspected and confirmed,Admin0,Week,LITERATURE-YEM-20202024-Y01-00,EMRO
YEMEN,NA,NA,YEMEN,YEM,269,YEM,NA,2023-05-21,2023-05-27,2023,1296,Suspected and confirmed,Admin0,Week,LITERATURE-YEM-20202024-Y01-00,EMRO
YEMEN,NA,NA,YEMEN,YEM,269,YEM,NA,2023-05-28,2023-06-03,2023,1198,Suspected and confirmed,Admin0,Week,LITERATURE-YEM-20202024-Y01-00,EMRO
YEMEN,NA,NA,YEMEN,YEM,269,YEM,NA,2023-06-04,2023-06-10,2023,872,Suspected and confirmed,Admin0,Week,LITERATURE-YEM-20202024-Y01-00,EMRO
YEMEN,NA,NA,YEMEN,YEM,269,YEM,NA,2023-06-11,2023-06-17,2023,382,Suspected and confirmed,Admin0,Week,LITERATURE-YEM-20202024-Y01-00,EMRO
YEMEN,NA,NA,YEMEN,YEM,269,YEM,NA,2023-06-18,2023-06-24,2023,598,Suspected and confirmed,Admin0,Week,LITERATURE-YEM-20202024-Y01-00,EMRO
YEMEN,NA,NA,YEMEN,YEM,269,YEM,NA,2023-06-25,2023-07-01,2023,569,Suspected and confirmed,Admin0,Week,LITERATURE-YEM-20202024-Y01-00,EMRO
YEMEN,NA,NA,YEMEN,YEM,269,YEM,NA,2023-07-02,2023-07-08,2023,433,Suspected and confirmed,Admin0,Week,LITERATURE-YEM-20202024-Y01-00,EMRO
YEMEN,NA,NA,YEMEN,YEM,269,YEM,NA,2023-07-09,2023-07-15,2023,377,Suspected and confirmed,Admin0,Week,LITERATURE-YEM-20202024-Y01-00,EMRO
YEMEN,NA,NA,YEMEN,YEM,269,YEM,NA,2023-07-16,2023-07-22,2023,349,Suspected and confirmed,Admin0,Week,LITERATURE-YEM-20202024-Y01-00,EMRO
YEMEN,NA,NA,YEMEN,YEM,269,YEM,NA,2023-07-23,2023-07-29,2023,354,Suspected and confirmed,Admin0,Week,LITERATURE-YEM-20202024-Y01-00,EMRO
YEMEN,NA,NA,YEMEN,YEM,269,YEM,NA,2023-07-30,2023-08-05,2023,345,Suspected and confirmed,Admin0,Week,LITERATURE-YEM-20202024-Y01-00,EMRO
YEMEN,NA,NA,YEMEN,YEM,269,YEM,NA,2023-08-06,2023-08-12,2023,289,Suspected and confirmed,Admin0,Week,LITERATURE-YEM-20202024-Y01-00,EMRO
YEMEN,NA,NA,YEMEN,YEM,269,YEM,NA,2023-08-13,2023-08-19,2023,275,Suspected and confirmed,Admin0,Week,LITERATURE-YEM-20202024-Y01-00,EMRO
YEMEN,NA,NA,YEMEN,YEM,269,YEM,NA,2023-08-20,2023-08-26,2023,303,Suspected and confirmed,Admin0,Week,LITERATURE-YEM-20202024-Y01-00,EMRO
YEMEN,NA,NA,YEMEN,YEM,269,YEM,NA,2023-08-27,2023-09-02,2023,303,Suspected and confirmed,Admin0,Week,LITERATURE-YEM-20202024-Y01-00,EMRO
YEMEN,NA,NA,YEMEN,YEM,269,YEM,NA,2023-09-03,2023-09-09,2023,286,Suspected and confirmed,Admin0,Week,LITERATURE-YEM-20202024-Y01-00,EMRO
YEMEN,NA,NA,YEMEN,YEM,269,YEM,NA,2023-09-10,2023-09-16,2023,270,Suspected and confirmed,Admin0,Week,LITERATURE-YEM-20202024-Y01-00,EMRO
YEMEN,NA,NA,YEMEN,YEM,269,YEM,NA,2023-09-17,2023-09-23,2023,284,Suspected and confirmed,Admin0,Week,LITERATURE-YEM-20202024-Y01-00,EMRO
YEMEN,NA,NA,YEMEN,YEM,269,YEM,NA,2023-09-24,2023-09-30,2023,331,Suspected and confirmed,Admin0,Week,LITERATURE-YEM-20202024-Y01-00,EMRO
YEMEN,NA,NA,YEMEN,YEM,269,YEM,NA,2023-10-01,2023-10-07,2023,359,Suspected and confirmed,Admin0,Week,LITERATURE-YEM-20202024-Y01-00,EMRO
YEMEN,NA,NA,YEMEN,YEM,269,YEM,NA,2023-10-08,2023-10-14,2023,304,Suspected and confirmed,Admin0,Week,LITERATURE-YEM-20202024-Y01-00,EMRO
YEMEN,NA,NA,YEMEN,YEM,269,YEM,NA,2023-10-15,2023-10-21,2023,424,Suspected and confirmed,Admin0,Week,LITERATURE-YEM-20202024-Y01-00,EMRO
YEMEN,NA,NA,YEMEN,YEM,269,YEM,NA,2023-10-22,2023-10-28,2023,360,Suspected and confirmed,Admin0,Week,LITERATURE-YEM-20202024-Y01-00,EMRO
YEMEN,NA,NA,YEMEN,YEM,269,YEM,NA,2023-10-29,2023-11-04,2023,368,Suspected and confirmed,Admin0,Week,LITERATURE-YEM-20202024-Y01-00,EMRO
YEMEN,NA,NA,YEMEN,YEM,269,YEM,NA,2023-11-05,2023-11-11,2023,290,Suspected and confirmed,Admin0,Week,LITERATURE-YEM-20202024-Y01-00,EMRO
YEMEN,NA,NA,YEMEN,YEM,269,YEM,NA,2023-11-12,2023-11-18,2023,293,Suspected and confirmed,Admin0,Week,LITERATURE-YEM-20202024-Y01-00,EMRO
YEMEN,NA,NA,YEMEN,YEM,269,YEM,NA,2023-11-19,2023-11-25,2023,349,Suspected and confirmed,Admin0,Week,LITERATURE-YEM-20202024-Y01-00,EMRO
YEMEN,NA,NA,YEMEN,YEM,269,YEM,NA,2023-11-26,2023-12-02,2023,241,Suspected and confirmed,Admin0,Week,LITERATURE-YEM-20202024-Y01-00,EMRO
YEMEN,NA,NA,YEMEN,YEM,269,YEM,NA,2023-12-03,2023-12-09,2023,186,Suspected and confirmed,Admin0,Week,LITERATURE-YEM-20202024-Y01-00,EMRO
YEMEN,NA,NA,YEMEN,YEM,269,YEM,NA,2023-12-10,2023-12-16,2023,158,Suspected and confirmed,Admin0,Week,LITERATURE-YEM-20202024-Y01-00,EMRO
YEMEN,NA,NA,YEMEN,YEM,269,YEM,NA,2023-12-17,2023-12-23,2023,209,Suspected and confirmed,Admin0,Week,LITERATURE-YEM-20202024-Y01-00,EMRO
YEMEN,NA,NA,YEMEN,YEM,269,YEM,NA,2023-12-24,2023-12-30,2023,214,Suspected and confirmed,Admin0,Week,LITERATURE-YEM-20202024-Y01-00,EMRO
YEMEN,NA,NA,YEMEN,YEM,269,YEM,NA,2023-12-31,2024-01-06,2023,172,Suspected and confirmed,Admin0,Week,LITERATURE-YEM-20202024-Y01-00,EMRO
YEMEN,NA,NA,YEMEN,YEM,269,YEM,NA,2024-01-07,2024-01-13,2024,116,Suspected and confirmed,Admin0,Week,LITERATURE-YEM-20202024-Y01-00,EMRO
YEMEN,NA,NA,YEMEN,YEM,269,YEM,NA,2024-01-14,2024-01-20,2024,129,Suspected and confirmed,Admin0,Week,LITERATURE-YEM-20202024-Y01-00,EMRO
YEMEN,NA,NA,YEMEN,YEM,269,YEM,NA,2024-01-21,2024-01-27,2024,186,Suspected and confirmed,Admin0,Week,LITERATURE-YEM-20202024-Y01-00,EMRO
YEMEN,NA,NA,YEMEN,YEM,269,YEM,NA,2024-01-28,2024-02-03,2024,155,Suspected and confirmed,Admin0,Week,LITERATURE-YEM-20202024-Y01-00,EMRO
YEMEN,NA,NA,YEMEN,YEM,269,YEM,NA,2024-02-04,2024-02-10,2024,149,Suspected and confirmed,Admin0,Week,LITERATURE-YEM-20202024-Y01-00,EMRO
YEMEN,NA,NA,YEMEN,YEM,269,YEM,NA,2024-02-11,2024-02-17,2024,149,Suspected and confirmed,Admin0,Week,LITERATURE-YEM-20202024-Y01-00,EMRO
YEMEN,NA,NA,YEMEN,YEM,269,YEM,NA,2024-02-18,2024-02-24,2024,189,Suspected and confirmed,Admin0,Week,LITERATURE-YEM-20202024-Y01-00,EMRO
YEMEN,NA,NA,YEMEN,YEM,269,YEM,NA,2024-02-25,2024-03-02,2024,172,Suspected and confirmed,Admin0,Week,LITERATURE-YEM-20202024-Y01-00,EMRO
YEMEN,NA,NA,YEMEN,YEM,269,YEM,NA,2024-03-03,2024-03-09,2024,101,Suspected and confirmed,Admin0,Week,LITERATURE-YEM-20202024-Y01-00,EMRO
YEMEN,NA,NA,YEMEN,YEM,269,YEM,NA,2024-03-10,2024-03-16,2024,83,Suspected and confirmed,Admin0,Week,LITERATURE-YEM-20202024-Y01-00,EMRO
YEMEN,NA,NA,YEMEN,YEM,269,YEM,NA,2024-03-17,2024-03-23,2024,164,Suspected and confirmed,Admin0,Week,LITERATURE-YEM-20202024-Y01-00,EMRO
YEMEN,NA,NA,YEMEN,YEM,269,YEM,NA,2024-03-24,2024-03-30,2024,93,Suspected and confirmed,Admin0,Week,LITERATURE-YEM-20202024-Y01-00,EMRO
YEMEN,NA,NA,YEMEN,YEM,269,YEM,NA,2024-03-31,2024-04-06,2024,163,Suspected and confirmed,Admin0,Week,LITERATURE-YEM-20202024-Y01-00,EMRO
YEMEN,NA,NA,YEMEN,YEM,269,YEM,NA,2024-04-07,2024-04-13,2024,116,Suspected and confirmed,Admin0,Week,LITERATURE-YEM-20202024-Y01-00,EMRO
YEMEN,NA,NA,YEMEN,YEM,269,YEM,NA,2024-04-14,2024-04-20,2024,153,Suspected and confirmed,Admin0,Week,LITERATURE-YEM-20202024-Y01-00,EMRO
YEMEN,NA,NA,YEMEN,YEM,269,YEM,NA,2024-04-21,2024-04-27,2024,200,Suspected and confirmed,Admin0,Week,LITERATURE-YEM-20202024-Y01-00,EMRO
YEMEN,NA,NA,YEMEN,YEM,269,YEM,NA,2024-04-28,2024-05-04,2024,129,Suspected and confirmed,Admin0,Week,LITERATURE-YEM-20202024-Y01-00,EMRO
YEMEN,NA,NA,YEMEN,YEM,269,YEM,NA,2024-05-05,2024-05-11,2024,130,Suspected and confirmed,Admin0,Week,LITERATURE-YEM-20202024-Y01-00,EMRO
YEMEN,NA,NA,YEMEN,YEM,269,YEM,NA,2024-05-12,2024-05-18,2024,97,Suspected and confirmed,Admin0,Week,LITERATURE-YEM-20202024-Y01-00,EMRO
YEMEN,NA,NA,YEMEN,YEM,269,YEM,NA,2024-05-19,2024-05-25,2024,172,Suspected and confirmed,Admin0,Week,LITERATURE-YEM-20202024-Y01-00,EMRO
YEMEN,NA,NA,YEMEN,YEM,269,YEM,NA,2024-05-26,2024-06-01,2024,138,Suspected and confirmed,Admin0,Week,LITERATURE-YEM-20202024-Y01-00,EMRO
YEMEN,NA,NA,YEMEN,YEM,269,YEM,NA,2024-06-02,2024-06-08,2024,107,Suspected and confirmed,Admin0,Week,LITERATURE-YEM-20202024-Y01-00,EMRO
YEMEN,NA,NA,YEMEN,YEM,269,YEM,NA,2024-06-09,2024-06-15,2024,110,Suspected and confirmed,Admin0,Week,LITERATURE-YEM-20202024-Y01-00,EMRO
YEMEN,NA,NA,YEMEN,YEM,269,YEM,NA,2024-06-16,2024-06-22,2024,144,Suspected and confirmed,Admin0,Week,LITERATURE-YEM-20202024-Y01-00,EMRO
YEMEN,NA,NA,YEMEN,YEM,269,YEM,NA,2024-06-23,2024-06-29,2024,139,Suspected and confirmed,Admin0,Week,LITERATURE-YEM-20202024-Y01-00,EMRO
YEMEN,NA,NA,YEMEN,YEM,269,YEM,NA,2024-06-30,2024-07-06,2024,124,Suspected and confirmed,Admin0,Week,LITERATURE-YEM-20202024-Y01-00,EMRO
YEMEN,NA,NA,YEMEN,YEM,269,YEM,NA,2024-07-07,2024-07-13,2024,121,Suspected and confirmed,Admin0,Week,LITERATURE-YEM-20202024-Y01-00,EMRO
YEMEN,NA,NA,YEMEN,YEM,269,YEM,NA,2024-07-14,2024-07-20,2024,121,Suspected and confirmed,Admin0,Week,LITERATURE-YEM-20202024-Y01-00,EMRO
YEMEN,NA,NA,YEMEN,YEM,269,YEM,NA,2024-07-21,2024-07-27,2024,167,Suspected and confirmed,Admin0,Week,LITERATURE-YEM-20202024-Y01-00,EMRO